Name,Party,Chamber,State,Ticker,Date,Buy,Sell
Tom Carper,Democrat,Senate,DE,GBIL,2024-1-16,True,False
Tom Carper,Democrat,Senate,DE,ABT,2024-1-16,False,True
Tom Carper,Democrat,Senate,DE,S,2024-1-1,False,True
Tom Carper,Democrat,Senate,DE,DELL,2024-1-1,True,False
Mark Green,Republican,House,TN,NGL,2024-1-28,False,True
Debbie Wasserman Schultz,Democrat,House,FL,MAG,2024-1-7,True,False
Debbie Wasserman Schultz,Democrat,House,FL,MAG,2024-1-4,False,True
Anna Paulina Luna,Republican,House,FL,LCTX,2024-1-1,False,True
Nicole Malliotakis,Republican,House,NY,N/A,2024-1-23,True,False
Rudy Yakym,Republican,House,IN,N/A,2024-1-22,True,False
Thomas Kean Jr,Republican,House,NJ,ORCL,2023-12-13,True,False
Doris Matsui,Democrat,House,CA,N/A,2024-1-15,True,False
Doris Matsui,Democrat,House,CA,N/A,2024-1-15,True,False
Doris Matsui,Democrat,House,CA,N/A,2024-1-15,True,False
Doris Matsui,Democrat,House,CA,N/A,2024-1-15,True,False
Doris Matsui,Democrat,House,CA,N/A,2024-1-15,True,False
Doris Matsui,Democrat,House,CA,N/A,2024-1-15,True,False
Markwayne Mullin,Republican,Senate,OK,N/A,2024-1-17,False,True
Markwayne Mullin,Republican,Senate,OK,N/A,2024-1-17,False,True
Markwayne Mullin,Republican,Senate,OK,N/A,2024-1-17,False,True
Markwayne Mullin,Republican,Senate,OK,N/A,2024-1-17,False,True
Markwayne Mullin,Republican,Senate,OK,N/A,2024-1-2,True,False
Markwayne Mullin,Republican,Senate,OK,N/A,2024-1-9,True,False
Markwayne Mullin,Republican,Senate,OK,ZTS,2024-1-3,True,False
Markwayne Mullin,Republican,Senate,OK,SFM,2024-1-3,True,False
Markwayne Mullin,Republican,Senate,OK,OLLI,2024-1-3,True,False
Markwayne Mullin,Republican,Senate,OK,GS,2024-1-3,True,False
Markwayne Mullin,Republican,Senate,OK,FRPT,2024-1-3,True,False
Markwayne Mullin,Republican,Senate,OK,ETN,2024-1-3,True,False
Markwayne Mullin,Republican,Senate,OK,ELF,2024-1-3,True,False
Markwayne Mullin,Republican,Senate,OK,CYBR,2024-1-3,True,False
Markwayne Mullin,Republican,Senate,OK,BMI,2024-1-3,True,False
Markwayne Mullin,Republican,Senate,OK,AXON,2024-1-3,True,False
Markwayne Mullin,Republican,Senate,OK,ZTS,2024-1-3,True,False
Markwayne Mullin,Republican,Senate,OK,SFM,2024-1-3,True,False
Markwayne Mullin,Republican,Senate,OK,OLLI,2024-1-3,True,False
Markwayne Mullin,Republican,Senate,OK,GS,2024-1-3,True,False
Markwayne Mullin,Republican,Senate,OK,FRPT,2024-1-3,True,False
Markwayne Mullin,Republican,Senate,OK,ETN,2024-1-3,True,False
Markwayne Mullin,Republican,Senate,OK,ELF,2024-1-3,True,False
Markwayne Mullin,Republican,Senate,OK,CYBR,2024-1-3,True,False
Markwayne Mullin,Republican,Senate,OK,BMI,2024-1-3,True,False
Markwayne Mullin,Republican,Senate,OK,AXON,2024-1-3,True,False
Markwayne Mullin,Republican,Senate,OK,ADBE,2024-1-1,True,False
Markwayne Mullin,Republican,Senate,OK,AMD,2024-1-1,True,False
Markwayne Mullin,Republican,Senate,OK,AAPL,2024-1-1,True,False
Markwayne Mullin,Republican,Senate,OK,AMAT,2024-1-1,True,False
Markwayne Mullin,Republican,Senate,OK,META,2024-1-1,True,False
Markwayne Mullin,Republican,Senate,OK,LRCX,2024-1-1,True,False
Markwayne Mullin,Republican,Senate,OK,NVDA,2024-1-1,True,False
Markwayne Mullin,Republican,Senate,OK,SHOP,2023-12-21,False,True
Markwayne Mullin,Republican,Senate,OK,PYPL,2023-12-21,False,True
Markwayne Mullin,Republican,Senate,OK,PODD,2023-12-21,False,True
Markwayne Mullin,Republican,Senate,OK,INST,2023-12-21,False,True
Markwayne Mullin,Republican,Senate,OK,HUBB,2023-12-21,False,True
Markwayne Mullin,Republican,Senate,OK,FN,2023-12-21,False,True
Markwayne Mullin,Republican,Senate,OK,FCFS,2023-12-21,False,True
Markwayne Mullin,Republican,Senate,OK,EXLS,2023-12-21,False,True
Markwayne Mullin,Republican,Senate,OK,CTVA,2023-12-21,False,True
Markwayne Mullin,Republican,Senate,OK,CELH,2023-12-21,False,True
Max Miller,Republican,House,OH,N/A,2024-1-24,True,False
Gary Peters,Democrat,Senate,MI,D,2023-12-27,False,True
Pete Sessions,Republican,House,TX,BABA,2023-12-27,False,True
Pete Sessions,Republican,House,TX,AMT,2023-12-27,False,True
Pete Sessions,Republican,House,TX,CCI,2023-12-27,False,True
Pete Sessions,Republican,House,TX,N/A,2024-1-24,True,False
Blake Moore,Republican,House,UT,BABA,2024-1-18,False,True
Blake Moore,Republican,House,UT,GOOGL,2024-1-18,False,True
Blake Moore,Republican,House,UT,GOOGL,2024-1-18,False,True
Blake Moore,Republican,House,UT,AMZN,2024-1-18,False,True
Blake Moore,Republican,House,UT,AMZN,2024-1-18,False,True
Blake Moore,Republican,House,UT,AMZN,2024-1-18,False,True
Blake Moore,Republican,House,UT,AXP,2024-1-18,False,True
Blake Moore,Republican,House,UT,AXP,2024-1-18,False,True
Blake Moore,Republican,House,UT,AXP,2024-1-18,False,True
Blake Moore,Republican,House,UT,AAPL,2024-1-18,False,True
Blake Moore,Republican,House,UT,AAPL,2024-1-18,False,True
Blake Moore,Republican,House,UT,AAPL,2024-1-18,False,True
Blake Moore,Republican,House,UT,AAPL,2023-12-21,True,False
Blake Moore,Republican,House,UT,BAC,2024-1-18,False,True
Blake Moore,Republican,House,UT,BAC,2024-1-18,False,True
Blake Moore,Republican,House,UT,BAC,2024-1-18,False,True
Blake Moore,Republican,House,UT,BRK/B,2024-1-18,False,True
Blake Moore,Republican,House,UT,BRK/B,2024-1-18,False,True
Blake Moore,Republican,House,UT,BRK/B,2024-1-18,False,True
Blake Moore,Republican,House,UT,BA,2024-1-8,False,True
Blake Moore,Republican,House,UT,HQY,2024-1-18,False,True
Blake Moore,Republican,House,UT,HQY,2024-1-18,False,True
Blake Moore,Republican,House,UT,JNJ,2024-1-18,False,True
Blake Moore,Republican,House,UT,JNJ,2024-1-18,False,True
Blake Moore,Republican,House,UT,META,2024-1-18,False,True
Blake Moore,Republican,House,UT,META,2024-1-18,False,True
Blake Moore,Republican,House,UT,META,2024-1-18,False,True
Blake Moore,Republican,House,UT,MSFT,2024-1-18,False,True
Blake Moore,Republican,House,UT,MSFT,2024-1-18,False,True
Blake Moore,Republican,House,UT,MSFT,2024-1-18,False,True
Blake Moore,Republican,House,UT,RTX,2024-1-18,False,True
Blake Moore,Republican,House,UT,RTX,2024-1-18,False,True
Blake Moore,Republican,House,UT,SPY,2024-1-18,True,False
Blake Moore,Republican,House,UT,SPY,2024-1-18,True,False
Blake Moore,Republican,House,UT,SPY,2024-1-18,True,False
Blake Moore,Republican,House,UT,VUG,2024-1-18,True,False
Blake Moore,Republican,House,UT,VUG,2024-1-18,True,False
Blake Moore,Republican,House,UT,VUG,2024-1-18,True,False
Blake Moore,Republican,House,UT,DIS,2024-1-18,False,True
Blake Moore,Republican,House,UT,DIS,2024-1-18,False,True
Rudy Yakym,Republican,House,IN,N/A,2024-1-17,True,False
Jared Moskowitz,Democrat,House,FL,GOOGL,2023-12-27,True,False
Jared Moskowitz,Democrat,House,FL,GOOGL,2023-12-27,True,False
Jared Moskowitz,Democrat,House,FL,ADI,2023-12-27,True,False
Jared Moskowitz,Democrat,House,FL,BBY,2023-12-27,False,True
Jared Moskowitz,Democrat,House,FL,DG,2023-12-27,False,True
Jared Moskowitz,Democrat,House,FL,DG,2023-12-27,False,True
Jared Moskowitz,Democrat,House,FL,LLY,2023-12-27,True,False
Jared Moskowitz,Democrat,House,FL,LLY,2023-12-27,True,False
Jared Moskowitz,Democrat,House,FL,HRL,2023-12-27,False,True
Jared Moskowitz,Democrat,House,FL,HRL,2023-12-27,False,True
Jared Moskowitz,Democrat,House,FL,JKHY,2023-12-27,False,True
Jared Moskowitz,Democrat,House,FL,JKHY,2023-12-27,False,True
Jared Moskowitz,Democrat,House,FL,MDT,2023-12-27,False,True
Jared Moskowitz,Democrat,House,FL,MDT,2023-12-27,False,True
Jared Moskowitz,Democrat,House,FL,MRK,2023-12-27,True,False
Jared Moskowitz,Democrat,House,FL,MRK,2023-12-27,True,False
Jared Moskowitz,Democrat,House,FL,META,2023-12-27,True,False
Jared Moskowitz,Democrat,House,FL,META,2023-12-27,True,False
Jared Moskowitz,Democrat,House,FL,PFE,2023-12-27,False,True
Jared Moskowitz,Democrat,House,FL,PFE,2023-12-27,False,True
Jared Moskowitz,Democrat,House,FL,ROP,2023-12-27,True,False
Jared Moskowitz,Democrat,House,FL,ROP,2023-12-27,True,False
Jared Moskowitz,Democrat,House,FL,SBCF,2023-12-13,False,True
Jared Moskowitz,Democrat,House,FL,SBCF,2023-12-13,False,True
Jared Moskowitz,Democrat,House,FL,SHW,2023-12-27,False,True
Jared Moskowitz,Democrat,House,FL,SHW,2023-12-27,False,True
Jared Moskowitz,Democrat,House,FL,SYY,2023-12-27,False,True
Jared Moskowitz,Democrat,House,FL,SYY,2023-12-27,False,True
Jared Moskowitz,Democrat,House,FL,TMUS,2023-12-27,True,False
Jared Moskowitz,Democrat,House,FL,TMUS,2023-12-27,True,False
Jared Moskowitz,Democrat,House,FL,TSCO,2023-12-27,True,False
Jared Moskowitz,Democrat,House,FL,DIS,2023-12-27,False,True
Jared Moskowitz,Democrat,House,FL,DIS,2023-12-27,False,True
Jared Moskowitz,Democrat,House,FL,WST,2023-12-27,True,False
Scott Peters,Democrat,House,CA,N/A,2023-12-13,True,False
Scott Peters,Democrat,House,CA,N/A,2023-12-18,True,False
Scott Peters,Democrat,House,CA,N/A,2023-12-26,True,False
Scott Peters,Democrat,House,CA,N/A,2023-12-20,False,True
Scott Peters,Democrat,House,CA,N/A,2023-12-13,False,True
Scott Peters,Democrat,House,CA,N/A,2023-12-25,True,False
Scott Peters,Democrat,House,CA,N/A,2023-12-26,True,False
Suzan DelBene,Democrat,House,WA,N/A,2024-1-3,True,False
Suzan DelBene,Democrat,House,WA,N/A,2024-1-2,False,True
Michael Burgess,Republican,House,TX,AMD,2024-1-1,False,True
Michael Burgess,Republican,House,TX,AMGN,2024-1-1,False,True
Michael Burgess,Republican,House,TX,BX,2024-1-1,False,True
Michael Burgess,Republican,House,TX,XOM,2024-1-1,True,False
Michael Burgess,Republican,House,TX,ILMN,2024-1-1,True,False
Michael Burgess,Republican,House,TX,ILMN,2024-1-1,False,True
Michael Burgess,Republican,House,TX,ILMN,2024-1-1,True,False
Michael Burgess,Republican,House,TX,PANW,2024-1-1,False,True
Michael Burgess,Republican,House,TX,RY,2024-1-9,True,False
Michael Burgess,Republican,House,TX,RY,2024-1-9,False,True
Michael Burgess,Republican,House,TX,VLO,2024-1-1,False,True
Rick Larsen,Democrat,House,WA,BMY,2024-1-8,False,True
Rick Larsen,Democrat,House,WA,CL,2024-1-8,True,False
Rick Larsen,Democrat,House,WA,HSY,2024-1-8,False,True
Rick Larsen,Democrat,House,WA,ZTS,2024-1-8,True,False
Dwight Evans,Democrat,House,PA,HASI,2023-12-19,False,True
Dwight Evans,Democrat,House,PA,MU,2023-12-19,True,False
Dwight Evans,Democrat,House,PA,NOW,2023-12-19,True,False
Judy Chu,Democrat,House,CA,AMEH,2024-1-9,True,False
Judy Chu,Democrat,House,CA,AMEH,2024-1-9,False,True
Rick Scott,Republican,Senate,FL,N/A,2024-1-9,True,False
Rick Scott,Republican,Senate,FL,VAXX,2023-12-19,False,True
Rick Scott,Republican,Senate,FL,VAXX,2023-12-19,False,True
Rick Scott,Republican,Senate,FL,VAXX,2023-12-19,False,True
Sheldon Whitehouse,Democrat,Senate,RI,SNOW,2023-12-13,True,False
Sheldon Whitehouse,Democrat,Senate,RI,LLY,2023-12-13,True,False
Sheldon Whitehouse,Democrat,Senate,RI,TGT,2023-12-6,False,True
Sheldon Whitehouse,Democrat,Senate,RI,KO,2023-12-6,True,False
Sheldon Whitehouse,Democrat,Senate,RI,PFE,2023-12-10,False,True
Jerry Moran,Republican,Senate,KS,VZ,2023-12-13,False,True
Jerry Moran,Republican,Senate,KS,USB,2023-12-13,False,True
Jerry Moran,Republican,Senate,KS,CI,2023-12-13,False,True
Jerry Moran,Republican,Senate,KS,PII,2023-12-13,False,True
Jerry Moran,Republican,Senate,KS,MSFT,2023-12-13,False,True
Jerry Moran,Republican,Senate,KS,META,2023-12-13,False,True
Jerry Moran,Republican,Senate,KS,KR,2023-12-13,False,True
Jerry Moran,Republican,Senate,KS,KMB,2023-12-13,False,True
Jerry Moran,Republican,Senate,KS,JNJ,2023-12-13,False,True
Jerry Moran,Republican,Senate,KS,INTC,2023-12-13,False,True
Jerry Moran,Republican,Senate,KS,XOM,2023-12-13,False,True
Jerry Moran,Republican,Senate,KS,DVA,2023-12-13,False,True
Jerry Moran,Republican,Senate,KS,CVS,2023-12-13,False,True
Jerry Moran,Republican,Senate,KS,CMCSA,2023-12-13,False,True
Jerry Moran,Republican,Senate,KS,CSCO,2023-12-13,False,True
Jerry Moran,Republican,Senate,KS,CVX,2023-12-13,False,True
Jerry Moran,Republican,Senate,KS,BRK/B,2023-12-13,True,False
Jerry Moran,Republican,Senate,KS,BK,2023-12-13,False,True
Jerry Moran,Republican,Senate,KS,BAC,2023-12-13,False,True
Jerry Moran,Republican,Senate,KS,AAPL,2023-12-13,False,True
Jerry Moran,Republican,Senate,KS,GOOGL,2023-12-13,False,True
Jerry Moran,Republican,Senate,KS,VZ,2023-12-13,False,True
Jerry Moran,Republican,Senate,KS,USB,2023-12-13,False,True
Jerry Moran,Republican,Senate,KS,CI,2023-12-13,False,True
Jerry Moran,Republican,Senate,KS,PII,2023-12-13,False,True
Jerry Moran,Republican,Senate,KS,PFE,2023-12-13,False,True
Jerry Moran,Republican,Senate,KS,MSFT,2023-12-13,False,True
Jerry Moran,Republican,Senate,KS,META,2023-12-13,False,True
Jerry Moran,Republican,Senate,KS,KR,2023-12-13,False,True
Jerry Moran,Republican,Senate,KS,KMB,2023-12-13,False,True
Jerry Moran,Republican,Senate,KS,JNJ,2023-12-13,False,True
Jerry Moran,Republican,Senate,KS,INTC,2023-12-13,False,True
Jerry Moran,Republican,Senate,KS,HAL,2023-12-13,False,True
Jerry Moran,Republican,Senate,KS,XOM,2023-12-13,False,True
Jerry Moran,Republican,Senate,KS,DVA,2023-12-13,False,True
Jerry Moran,Republican,Senate,KS,CVS,2023-12-13,False,True
Jerry Moran,Republican,Senate,KS,CMCSA,2023-12-13,False,True
Jerry Moran,Republican,Senate,KS,CSCO,2023-12-13,False,True
Jerry Moran,Republican,Senate,KS,CVX,2023-12-13,False,True
Jerry Moran,Republican,Senate,KS,BRK/B,2023-12-13,True,False
Jerry Moran,Republican,Senate,KS,BK,2023-12-13,False,True
Jerry Moran,Republican,Senate,KS,BAC,2023-12-13,False,True
Jerry Moran,Republican,Senate,KS,AAPL,2023-12-13,False,True
Jerry Moran,Republican,Senate,KS,AMZN,2023-12-13,False,True
Jerry Moran,Republican,Senate,KS,GOOGL,2023-12-13,False,True
Mark Green,Republican,House,TN,ET,2023-12-5,False,True
Mark Green,Republican,House,TN,NGL,2024-1-10,False,True
Bill Keating,Democrat,House,MA,BA,2023-9-14,True,False
Bill Keating,Democrat,House,MA,SPG,2023-9-12,False,True
Bill Keating,Democrat,House,MA,N/A,2023-12-28,True,False
Sean Casten,Democrat,House,IL,N/A,2023-4-3,True,False
Sean Casten,Democrat,House,IL,N/A,2023-5-16,True,False
Sean Casten,Democrat,House,IL,N/A,2022-5-15,True,False
Sean Casten,Democrat,House,IL,N/A,2022-9-26,True,False
Sean Casten,Democrat,House,IL,N/A,2023-1-11,True,False
Mark Warner,Democrat,Senate,VA,N/A,2023-12-26,True,False
Mark Warner,Democrat,Senate,VA,N/A,2023-12-18,True,False
Mark Warner,Democrat,Senate,VA,N/A,2023-12-17,True,False
Mark Warner,Democrat,Senate,VA,N/A,2023-12-14,True,False
Mark Warner,Democrat,Senate,VA,N/A,2023-12-12,True,False
Mark Warner,Democrat,Senate,VA,N/A,2023-12-12,True,False
Mark Warner,Democrat,Senate,VA,N/A,2023-12-12,True,False
Mark Warner,Democrat,Senate,VA,N/A,2023-12-12,True,False
Mark Warner,Democrat,Senate,VA,N/A,2023-12-11,True,False
Mark Warner,Democrat,Senate,VA,N/A,2023-12-10,True,False
Mark Warner,Democrat,Senate,VA,N/A,2023-12-10,True,False
Mark Warner,Democrat,Senate,VA,N/A,2023-12-7,True,False
Mark Warner,Democrat,Senate,VA,N/A,2023-12-6,True,False
Mark Warner,Democrat,Senate,VA,N/A,2023-12-5,True,False
Mark Warner,Democrat,Senate,VA,N/A,2023-12-4,True,False
Mark Warner,Democrat,Senate,VA,N/A,2023-12-4,True,False
Mark Warner,Democrat,Senate,VA,N/A,2023-12-3,True,False
Mark Warner,Democrat,Senate,VA,N/A,2023-12-3,True,False
Angus King,Other,Senate,ME,VZ,2023-12-26,False,True
Angus King,Other,Senate,ME,EA,2023-12-26,True,False
Maria Elvira Salazar,Republican,House,FL,N/A,2023-12-12,True,False
Maria Elvira Salazar,Republican,House,FL,N/A,2023-12-13,True,False
Kathy Manning,Democrat,House,NC,CFG,2023-12-11,False,True
Kathy Manning,Democrat,House,NC,CFG,2023-12-11,False,True
Kathy Manning,Democrat,House,NC,CFG,2023-12-11,False,True
Kathy Manning,Democrat,House,NC,EL,2023-12-11,False,True
Kathy Manning,Democrat,House,NC,EL,2023-12-11,False,True
Kathy Manning,Democrat,House,NC,EL,2023-12-11,False,True
Kathy Manning,Democrat,House,NC,N/A,2023-12-31,True,False
Kathy Manning,Democrat,House,NC,N/A,2023-12-31,True,False
Kathy Manning,Democrat,House,NC,MDT,2023-12-11,False,True
Kathy Manning,Democrat,House,NC,MDT,2023-12-11,False,True
Kathy Manning,Democrat,House,NC,MDT,2023-12-11,False,True
Kathy Manning,Democrat,House,NC,PYPL,2023-12-11,False,True
Kathy Manning,Democrat,House,NC,PYPL,2023-12-11,False,True
Kathy Manning,Democrat,House,NC,PYPL,2023-12-11,False,True
Kathy Manning,Democrat,House,NC,PFE,2023-12-11,False,True
Kathy Manning,Democrat,House,NC,PFE,2023-12-11,False,True
Kathy Manning,Democrat,House,NC,PFE,2023-12-11,False,True
Kathy Manning,Democrat,House,NC,N/A,2023-12-30,False,True
Kathy Manning,Democrat,House,NC,N/A,2023-12-30,False,True
Kathy Manning,Democrat,House,NC,N/A,2023-12-30,False,True
Kathy Manning,Democrat,House,NC,DIS,2023-12-11,False,True
Kathy Manning,Democrat,House,NC,DIS,2023-12-11,False,True
Kathy Manning,Democrat,House,NC,DIS,2023-12-11,False,True
Jonathan Jackson,Democrat,House,IL,ACI,2023-12-13,True,False
Jonathan Jackson,Democrat,House,IL,HEI,2023-12-19,False,True
Jonathan Jackson,Democrat,House,IL,PANW,2023-11-30,True,False
Jonathan Jackson,Democrat,House,IL,W,2023-12-19,True,False
Jonathan Jackson,Democrat,House,IL,W,2023-12-14,True,False
Mike Kelly,Republican,House,PA,N/A,2023-11-30,False,True
Kevin Hern,Republican,House,OK,MTBC,2023-12-7,False,True
Kevin Hern,Republican,House,OK,DVN,2023-12-28,True,False
Kevin Hern,Republican,House,OK,DVN,2023-12-28,True,False
Kevin Hern,Republican,House,OK,EMR,2023-12-10,True,False
Kevin Hern,Republican,House,OK,XOM,2023-12-10,True,False
Kevin Hern,Republican,House,OK,HD,2023-12-13,True,False
Kevin Hern,Republican,House,OK,HD,2023-12-13,True,False
Kevin Hern,Republican,House,OK,JNJ,2023-12-4,True,False
Kevin Hern,Republican,House,OK,LIN,2023-12-17,True,False
Kevin Hern,Republican,House,OK,LMT,2023-12-28,True,False
Kevin Hern,Republican,House,OK,NEE,2023-12-14,True,False
Kevin Hern,Republican,House,OK,PXD,2023-12-21,True,False
Kevin Hern,Republican,House,OK,ROK,2023-12-10,True,False
Kevin Hern,Republican,House,OK,RTX,2023-12-13,True,False
Kevin Hern,Republican,House,OK,UNH,2023-12-11,True,False
Kevin Hern,Republican,House,OK,WMB,2023-12-25,True,False
Shelley Moore Capito,Republican,Senate,WV,JPM,2023-12-18,False,True
Shelley Moore Capito,Republican,Senate,WV,MSFT,2023-12-18,False,True
Shelley Moore Capito,Republican,Senate,WV,AAPL,2023-12-18,False,True
Shelley Moore Capito,Republican,Senate,WV,ADI,2023-12-18,False,True
Shelley Moore Capito,Republican,Senate,WV,ACN,2023-12-18,False,True
Shelley Moore Capito,Republican,Senate,WV,SPGI,2023-11-30,True,False
Shelley Moore Capito,Republican,Senate,WV,CMCSA,2023-11-30,True,False
Shelley Moore Capito,Republican,Senate,WV,CSCO,2023-11-30,True,False
Shelley Moore Capito,Republican,Senate,WV,CVX,2023-11-30,True,False
Shelley Moore Capito,Republican,Senate,WV,N/A,2023-12-28,False,True
Shelley Moore Capito,Republican,Senate,WV,PFE,2023-12-17,False,True
Shelley Moore Capito,Republican,Senate,WV,MDLZ,2023-12-17,False,True
Shelley Moore Capito,Republican,Senate,WV,MSFT,2023-12-17,False,True
Shelley Moore Capito,Republican,Senate,WV,KO,2023-12-17,False,True
Tommy Tuberville,Republican,Senate,AL,PARA,2023-12-25,True,False
Tommy Tuberville,Republican,Senate,AL,VZ,2023-12-25,False,True
Tommy Tuberville,Republican,Senate,AL,RF,2023-12-25,False,True
Tommy Tuberville,Republican,Senate,AL,KEY,2023-12-25,True,False
Tommy Tuberville,Republican,Senate,AL,UAA,2023-12-18,False,True
Tommy Tuberville,Republican,Senate,AL,CVX,2023-12-17,False,True
Tommy Tuberville,Republican,Senate,AL,GOLD,2023-12-17,False,True
Tommy Tuberville,Republican,Senate,AL,GOLD,2023-12-17,False,True
Tommy Tuberville,Republican,Senate,AL,CVX,2023-12-17,False,True
Tommy Tuberville,Republican,Senate,AL,GOLD,2023-12-17,True,False
Tommy Tuberville,Republican,Senate,AL,CVX,2023-12-13,True,False
Tommy Tuberville,Republican,Senate,AL,CVX,2023-12-12,True,False
Tommy Tuberville,Republican,Senate,AL,DVA,2023-12-11,False,True
Tommy Tuberville,Republican,Senate,AL,GOLD,2023-12-11,True,False
Tommy Tuberville,Republican,Senate,AL,GOLD,2023-12-10,True,False
Rick Allen,Republican,House,GA,ALB,2023-12-20,False,True
Rick Allen,Republican,House,GA,ALB,2023-12-20,False,True
Rick Allen,Republican,House,GA,SCHW,2023-12-13,True,False
Rick Allen,Republican,House,GA,NEE,2023-12-20,False,True
John Hickenlooper,Democrat,Senate,CO,CMG,2023-12-12,False,True
French Hill,Republican,House,AR,SCHW,2023-12-28,False,True
French Hill,Republican,House,AR,PYPL,2023-12-28,False,True
Bill Hagerty,Republican,Senate,TN,DDOG,2023-12-26,False,True
Michael Collins,Republican,House,GA,$ETH,2024-1-2,True,False
Michael Collins,Republican,House,GA,$ETH,2024-1-7,True,False
Laurel Lee,Republican,House,FL,BABA,2023-12-28,False,True
Virginia Foxx,Republican,House,NC,CRT,2023-12-7,True,False
Virginia Foxx,Republican,House,NC,DUK,2023-12-18,True,False
Virginia Foxx,Republican,House,NC,EFC,2023-12-13,False,False
Virginia Foxx,Republican,House,NC,FLNG,2023-12-3,True,False
Josh Gottheimer,Democrat,House,NJ,AMD,2023-12-19,False,True
Josh Gottheimer,Democrat,House,NJ,ALGM,2023-12-10,False,True
Josh Gottheimer,Democrat,House,NJ,ALNY,2023-12-10,False,True
Josh Gottheimer,Democrat,House,NJ,GOOGL,2023-11-30,False,True
Josh Gottheimer,Democrat,House,NJ,BNTX,2023-12-5,True,False
Josh Gottheimer,Democrat,House,NJ,BNTX,2023-12-4,True,False
Josh Gottheimer,Democrat,House,NJ,BNTX,2023-12-6,True,False
Josh Gottheimer,Democrat,House,NJ,CELH,2023-12-3,True,False
Josh Gottheimer,Democrat,House,NJ,GTLS,2023-12-10,False,True
Josh Gottheimer,Democrat,House,NJ,COP,2023-12-19,False,True
Josh Gottheimer,Democrat,House,NJ,BAP,2023-12-10,False,True
Josh Gottheimer,Democrat,House,NJ,DHI,2023-12-10,True,False
Josh Gottheimer,Democrat,House,NJ,DBSDY,2023-12-20,True,False
Josh Gottheimer,Democrat,House,NJ,EW,2023-12-10,True,False
Josh Gottheimer,Democrat,House,NJ,XNGSY,2023-12-10,False,True
Josh Gottheimer,Democrat,House,NJ,FANUY,2023-12-5,False,True
Josh Gottheimer,Democrat,House,NJ,LOPE,2023-12-19,False,True
Josh Gottheimer,Democrat,House,NJ,HSHCY,2023-12-10,False,True
Josh Gottheimer,Democrat,House,NJ,HELE,2023-12-10,False,True
Josh Gottheimer,Democrat,House,NJ,HLI,2023-12-19,False,True
Josh Gottheimer,Democrat,House,NJ,N/A,2023-12-19,True,False
Josh Gottheimer,Democrat,House,NJ,PPRUY,2023-12-4,False,True
Josh Gottheimer,Democrat,House,NJ,LZAGY,2023-12-4,False,True
Josh Gottheimer,Democrat,House,NJ,LZAGY,2023-12-20,False,True
Josh Gottheimer,Democrat,House,NJ,LOW,2023-12-10,False,True
Josh Gottheimer,Democrat,House,NJ,MA,2023-12-19,False,True
Josh Gottheimer,Democrat,House,NJ,MNST,2023-12-3,False,True
Josh Gottheimer,Democrat,House,NJ,NOC,2023-12-28,True,False
Josh Gottheimer,Democrat,House,NJ,OCFC,2023-12-10,False,True
Josh Gottheimer,Democrat,House,NJ,ON,2023-12-10,False,True
Josh Gottheimer,Democrat,House,NJ,ORCL,2023-12-13,False,True
Josh Gottheimer,Democrat,House,NJ,PTEN,2023-12-10,False,True
Josh Gottheimer,Democrat,House,NJ,PYCR,2023-12-10,False,True
Josh Gottheimer,Democrat,House,NJ,PNGAY,2023-12-10,False,True
Josh Gottheimer,Democrat,House,NJ,CRM,2023-11-30,True,False
Josh Gottheimer,Democrat,House,NJ,SBGSY,2023-12-4,False,True
Josh Gottheimer,Democrat,House,NJ,SSDOY,2023-12-10,False,True
Josh Gottheimer,Democrat,House,NJ,SHLS,2023-12-10,False,True
Josh Gottheimer,Democrat,House,NJ,SONY,2023-12-5,True,False
Josh Gottheimer,Democrat,House,NJ,COCO,2023-11-30,True,False
Josh Gottheimer,Democrat,House,NJ,TPH,2023-12-19,True,False
Josh Gottheimer,Democrat,House,NJ,UMBF,2023-12-19,True,False
Virginia Foxx,Republican,House,NC,AAIC,2023-12-13,False,False
Steve Cohen,Democrat,House,TN,DTRUY,2023-12-10,False,True
Steve Cohen,Democrat,House,TN,KD,2023-12-10,False,True
Lloyd Doggett,Democrat,House,TX,KO,2023-12-14,True,False
Lloyd Doggett,Democrat,House,TX,HD,2023-12-13,True,False
Lloyd Doggett,Democrat,House,TX,IBM,2023-12-10,True,False
Lloyd Doggett,Democrat,House,TX,JNJ,2023-12-4,True,False
Lloyd Doggett,Democrat,House,TX,PPG,2023-12-11,True,False
Michael Burgess,Republican,House,TX,UPS,2023-12-13,False,True
Michael Burgess,Republican,House,TX,UPS,2023-12-13,True,False
Michael Burgess,Republican,House,TX,UPS,2023-12-14,False,True
Michael Burgess,Republican,House,TX,UPS,2023-12-14,True,False
Earl Blumenauer,Democrat,House,OR,ALK,2023-12-12,False,True
Earl Blumenauer,Democrat,House,OR,DEO,2023-12-6,True,False
Earl Blumenauer,Democrat,House,OR,N/A,2023-12-14,True,False
Earl Blumenauer,Democrat,House,OR,N/A,2023-12-19,True,False
John Boozman,Republican,Senate,AR,LRCX,2023-12-19,False,True
John Boozman,Republican,Senate,AR,GBIL,2023-12-11,False,True
John Boozman,Republican,Senate,AR,PFE,2023-12-19,True,False
John Boozman,Republican,Senate,AR,PPLT,2023-12-11,True,False
John Boozman,Republican,Senate,AR,PALL,2023-12-11,True,False
Tom Carper,Democrat,Senate,DE,TRSWF,2023-12-20,False,False
Tom Carper,Democrat,Senate,DE,N/A,2023-12-25,True,False
Tom Carper,Democrat,Senate,DE,N/A,2023-12-25,True,False
Tom Carper,Democrat,Senate,DE,N/A,2023-12-18,False,True
Tom Carper,Democrat,Senate,DE,N/A,2023-12-18,False,True
Tom Carper,Democrat,Senate,DE,N/A,2023-12-18,False,True
Tom Carper,Democrat,Senate,DE,N/A,2023-12-18,True,False
Tom Carper,Democrat,Senate,DE,N/A,2023-12-18,False,True
Tom Carper,Democrat,Senate,DE,XCEM,2023-12-17,True,False
Tom Carper,Democrat,Senate,DE,SMDV,2023-12-17,True,False
Tom Carper,Democrat,Senate,DE,FDRR,2023-12-17,True,False
Tom Carper,Democrat,Senate,DE,N/A,2023-12-17,True,False
Tom Carper,Democrat,Senate,DE,SBPYX,2023-12-17,True,False
Tom Carper,Democrat,Senate,DE,XCEM,2023-12-17,True,False
Tom Carper,Democrat,Senate,DE,HDGE,2023-12-13,False,True
Tom Carper,Democrat,Senate,DE,HDGE,2023-12-13,False,True
Tom Carper,Democrat,Senate,DE,HDGE,2023-12-13,False,True
Tom Carper,Democrat,Senate,DE,SBUX,2023-12-10,True,False
Tom Carper,Democrat,Senate,DE,VLO,2023-12-10,True,False
Tom Carper,Democrat,Senate,DE,DGX,2023-12-10,False,True
Tom Carper,Democrat,Senate,DE,TSM,2023-12-10,False,True
Tom Carper,Democrat,Senate,DE,AGX,2023-12-10,False,True
Tom Carper,Democrat,Senate,DE,MOS,2023-12-10,False,True
Tom Carper,Democrat,Senate,DE,GLPI,2023-12-10,True,False
Tom Carper,Democrat,Senate,DE,URA,2023-12-10,False,True
Tom Carper,Democrat,Senate,DE,FNF,2023-12-10,False,True
Tom Carper,Democrat,Senate,DE,FLNG,2023-12-10,True,False
Tom Carper,Democrat,Senate,DE,IRM,2023-12-10,False,True
Tom Carper,Democrat,Senate,DE,FMC,2023-12-10,True,False
Tom Carper,Democrat,Senate,DE,KMB,2023-12-10,True,False
Tom Carper,Democrat,Senate,DE,TAC,2023-12-20,False,False
Angus King,Other,Senate,ME,N/A,2023-11-9,False,True
Angus King,Other,Senate,ME,N/A,2023-10-31,False,True
Pete Sessions,Republican,House,TX,CCI,2023-12-27,False,True
Pete Sessions,Republican,House,TX,N/A,2023-12-27,True,False
Pete Sessions,Republican,House,TX,N/A,2023-12-20,False,True
Markwayne Mullin,Republican,Senate,OK,N/A,2023-12-5,True,False
Markwayne Mullin,Republican,Senate,OK,VLTO,2023-12-4,False,True
Rudy Yakym,Republican,House,IN,N/A,2023-12-26,True,False
Eleanor Holmes Norton,Democrat,House,WA,N/A,2023-12-20,False,True
Pete Sessions,Republican,House,TX,T,2023-11-28,False,True
Pete Sessions,Republican,House,TX,BUI,2023-12-14,False,True
Pete Sessions,Republican,House,TX,NVDA,2023-12-5,True,False
Suzan DelBene,Democrat,House,WA,N/A,2023-12-7,False,True
Suzan DelBene,Democrat,House,WA,N/A,2023-12-14,True,False
Suzan DelBene,Democrat,House,WA,N/A,2023-12-6,True,False
Suzan DelBene,Democrat,House,WA,N/A,2023-12-14,False,True
Suzan DelBene,Democrat,House,WA,N/A,2023-12-7,False,True
Suzan DelBene,Democrat,House,WA,N/A,2023-12-4,True,False
Nancy Pelosi,Democrat,House,CA,NVDA,2023-11-21,True,False
Max Miller,Republican,House,OH,N/A,2023-12-19,True,False
Michael Collins,Republican,House,GA,$ETH,2023-11-23,False,True
Michael Collins,Republican,House,GA,$ETH,2023-12-9,True,False
Michael Collins,Republican,House,GA,$ETH,2023-10-8,True,False
Michael Collins,Republican,House,GA,$ETH,2023-11-4,True,False
Gary Peters,Democrat,Senate,MI,N/A,2023-11-29,True,False
Max Miller,Republican,House,OH,N/A,2023-12-18,True,False
Max Miller,Republican,House,OH,N/A,2023-12-11,True,False
Hal Rogers,Republican,House,KY,WBD,2023-10-31,False,True
Hal Rogers,Republican,House,KY,BBGLX,2023-11-2,False,True
Hal Rogers,Republican,House,KY,VSS,2023-11-2,False,True
Hal Rogers,Republican,House,KY,VUG,2023-11-2,True,False
Rick Allen,Republican,House,GA,N/A,2023-11-15,True,False
Rick Allen,Republican,House,GA,N/A,2023-11-15,True,False
Rick Allen,Republican,House,GA,N/A,2023-11-15,True,False
Mark Warner,Democrat,Senate,VA,N/A,2023-11-29,True,False
Mark Warner,Democrat,Senate,VA,N/A,2023-11-29,True,False
Mark Warner,Democrat,Senate,VA,N/A,2023-11-28,True,False
Mark Warner,Democrat,Senate,VA,N/A,2023-11-28,True,False
Mark Warner,Democrat,Senate,VA,N/A,2023-11-27,True,False
Mark Warner,Democrat,Senate,VA,N/A,2023-11-27,True,False
Mark Warner,Democrat,Senate,VA,N/A,2023-11-26,True,False
Mark Warner,Democrat,Senate,VA,N/A,2023-11-26,True,False
Mark Warner,Democrat,Senate,VA,N/A,2023-11-21,True,False
Mark Warner,Democrat,Senate,VA,N/A,2023-11-21,True,False
Mark Warner,Democrat,Senate,VA,N/A,2023-11-20,True,False
Mark Warner,Democrat,Senate,VA,N/A,2023-11-20,True,False
Mark Warner,Democrat,Senate,VA,N/A,2023-11-16,True,False
Mark Warner,Democrat,Senate,VA,N/A,2023-11-15,True,False
Mark Warner,Democrat,Senate,VA,N/A,2023-11-15,True,False
Mark Warner,Democrat,Senate,VA,N/A,2023-11-14,True,False
Mark Warner,Democrat,Senate,VA,N/A,2023-11-13,True,False
Mark Warner,Democrat,Senate,VA,N/A,2023-11-13,True,False
Mark Warner,Democrat,Senate,VA,N/A,2023-11-13,True,False
Mark Warner,Democrat,Senate,VA,N/A,2023-11-13,True,False
Mark Warner,Democrat,Senate,VA,N/A,2023-11-12,True,False
Mark Warner,Democrat,Senate,VA,N/A,2023-11-9,True,False
Mark Warner,Democrat,Senate,VA,N/A,2023-11-8,True,False
Mark Warner,Democrat,Senate,VA,N/A,2023-11-7,True,False
Mark Warner,Democrat,Senate,VA,N/A,2023-11-7,True,False
Mark Warner,Democrat,Senate,VA,N/A,2023-11-6,True,False
Mark Warner,Democrat,Senate,VA,N/A,2023-11-6,True,False
Mark Warner,Democrat,Senate,VA,N/A,2023-11-6,True,False
Mark Warner,Democrat,Senate,VA,N/A,2023-11-6,True,False
Mark Warner,Democrat,Senate,VA,N/A,2023-11-6,True,False
Shelley Moore Capito,Republican,Senate,WV,WFC,2023-11-26,False,True
Shelley Moore Capito,Republican,Senate,WV,SHEL,2023-11-26,False,True
Michael Burgess,Republican,House,TX,ABBV,2023-12-7,False,True
Michael Burgess,Republican,House,TX,BX,2023-12-7,False,True
Michael Burgess,Republican,House,TX,BX,2023-12-7,True,False
Michael Burgess,Republican,House,TX,CME,2023-12-5,False,True
Michael Burgess,Republican,House,TX,PANW,2023-12-7,True,False
Michael Burgess,Republican,House,TX,VLO,2023-12-7,True,False
Mitch McConnell,Republican,Senate,KY,WFC,2023-12-4,True,False
Michael McCaul,Republican,House,TX,N/A,2023-10-31,False,True
Michael McCaul,Republican,House,TX,AMZN,2023-10-31,True,False
Michael McCaul,Republican,House,TX,AIT,2023-10-31,True,False
Michael McCaul,Republican,House,TX,ATR,2023-10-31,True,False
Michael McCaul,Republican,House,TX,ANET,2023-10-31,True,False
Michael McCaul,Republican,House,TX,ARW,2023-11-15,True,False
Michael McCaul,Republican,House,TX,ARW,2023-10-31,True,False
Michael McCaul,Republican,House,TX,BECN,2023-10-31,True,False
Michael McCaul,Republican,House,TX,BJ,2023-11-21,True,False
Michael McCaul,Republican,House,TX,BJ,2023-10-31,True,False
Michael McCaul,Republican,House,TX,N/A,2023-11-29,True,False
Michael McCaul,Republican,House,TX,CSL,2023-10-31,True,False
Michael McCaul,Republican,House,TX,CHTR,2023-11-19,True,False
Michael McCaul,Republican,House,TX,CMG,2023-11-1,True,False
Michael McCaul,Republican,House,TX,N/A,2023-11-9,False,True
Michael McCaul,Republican,House,TX,N/A,2023-11-14,False,True
Michael McCaul,Republican,House,TX,N/A,2023-11-2,True,False
Michael McCaul,Republican,House,TX,CNM,2023-10-31,True,False
Michael McCaul,Republican,House,TX,CTS,2023-10-31,True,False
Michael McCaul,Republican,House,TX,N/A,2023-11-20,True,False
Michael McCaul,Republican,House,TX,N/A,2023-10-31,False,True
Michael McCaul,Republican,House,TX,N/A,2023-10-31,False,True
Michael McCaul,Republican,House,TX,N/A,2023-10-31,False,True
Michael McCaul,Republican,House,TX,N/A,2023-11-8,True,False
Michael McCaul,Republican,House,TX,DFAS,2023-10-31,True,False
Michael McCaul,Republican,House,TX,DCI,2023-10-31,True,False
Michael McCaul,Republican,House,TX,N/A,2023-11-6,True,False
Michael McCaul,Republican,House,TX,EPAM,2023-11-2,False,True
Michael McCaul,Republican,House,TX,EPAM,2023-11-1,False,True
Michael McCaul,Republican,House,TX,FN,2023-10-31,True,False
Michael McCaul,Republican,House,TX,FN,2023-11-21,False,True
Michael McCaul,Republican,House,TX,FCFS,2023-10-31,True,False
Michael McCaul,Republican,House,TX,FLT,2023-11-2,False,True
Michael McCaul,Republican,House,TX,FLT,2023-11-1,False,True
Michael McCaul,Republican,House,TX,FLT,2023-10-31,False,True
Michael McCaul,Republican,House,TX,FBIN,2023-11-16,True,False
Michael McCaul,Republican,House,TX,FBIN,2023-10-31,True,False
Michael McCaul,Republican,House,TX,GTES,2023-10-31,True,False
Michael McCaul,Republican,House,TX,G,2023-10-31,True,False
Michael McCaul,Republican,House,TX,HLI,2023-10-31,True,False
Michael McCaul,Republican,House,TX,NSIT,2023-10-31,True,False
Michael McCaul,Republican,House,TX,IPG,2023-10-31,True,False
Michael McCaul,Republican,House,TX,ITT,2023-10-31,True,False
Michael McCaul,Republican,House,TX,JTSXX,2023-11-23,True,False
Michael McCaul,Republican,House,TX,JTSXX,2023-11-21,True,False
Michael McCaul,Republican,House,TX,JTSXX,2023-10-31,True,False
Michael McCaul,Republican,House,TX,JTSXX,2023-11-20,False,True
Michael McCaul,Republican,House,TX,JTSXX,2023-11-14,False,True
Michael McCaul,Republican,House,TX,JTSXX,2023-11-12,False,True
Michael McCaul,Republican,House,TX,JTSXX,2023-11-9,False,True
Michael McCaul,Republican,House,TX,LCII,2023-10-31,True,False
Michael McCaul,Republican,House,TX,LCII,2023-11-14,False,True
Michael McCaul,Republican,House,TX,N/A,2023-11-29,True,False
Michael McCaul,Republican,House,TX,LGIH,2023-10-31,True,False
Michael McCaul,Republican,House,TX,LBRDA,2023-11-19,False,True
Michael McCaul,Republican,House,TX,N/A,2023-11-1,True,False
Michael McCaul,Republican,House,TX,N/A,2023-11-9,True,False
Michael McCaul,Republican,House,TX,N/A,2023-11-7,True,False
Michael McCaul,Republican,House,TX,MNST,2023-11-6,True,False
Michael McCaul,Republican,House,TX,N/A,2023-10-31,False,True
Michael McCaul,Republican,House,TX,NVT,2023-10-31,True,False
Michael McCaul,Republican,House,TX,PLXS,2023-10-31,True,False
Michael McCaul,Republican,House,TX,N/A,2023-11-16,True,False
Michael McCaul,Republican,House,TX,PRI,2023-10-31,True,False
Michael McCaul,Republican,House,TX,RHI,2023-10-31,True,False
Michael McCaul,Republican,House,TX,HSIC,2023-11-13,True,False
Michael McCaul,Republican,House,TX,HSIC,2023-10-31,True,False
Michael McCaul,Republican,House,TX,N/A,2023-11-2,True,False
Michael McCaul,Republican,House,TX,SSD,2023-10-31,True,False
Michael McCaul,Republican,House,TX,SKX,2023-10-31,True,False
Michael McCaul,Republican,House,TX,TSM,2023-11-7,True,False
Michael McCaul,Republican,House,TX,TSM,2023-11-12,True,False
Michael McCaul,Republican,House,TX,TKR,2023-11-16,True,False
Michael McCaul,Republican,House,TX,TKR,2023-10-31,True,False
Michael McCaul,Republican,House,TX,TRS,2023-10-31,True,False
Michael McCaul,Republican,House,TX,N/A,2023-11-15,False,True
Michael McCaul,Republican,House,TX,N/A,2023-11-12,True,False
Michael McCaul,Republican,House,TX,N/A,2023-11-15,False,True
Michael McCaul,Republican,House,TX,N/A,2023-10-31,False,True
Michael McCaul,Republican,House,TX,VVV,2023-11-19,True,False
Michael McCaul,Republican,House,TX,VVV,2023-11-14,True,False
Michael McCaul,Republican,House,TX,VVV,2023-10-31,True,False
Michael McCaul,Republican,House,TX,WTM,2023-10-31,True,False
Michael McCaul,Republican,House,TX,ZION,2023-10-31,True,False
Michael McCaul,Republican,House,TX,N/A,2023-11-7,True,False
Michael McCaul,Republican,House,TX,N/A,2023-11-1,True,False
Michael McCaul,Republican,House,TX,N/A,2023-11-19,True,False
Michael McCaul,Republican,House,TX,CVX,2023-11-15,True,False
Michael McCaul,Republican,House,TX,DXC,2023-11-6,False,True
Michael McCaul,Republican,House,TX,OSK,2023-11-15,True,False
Michael McCaul,Republican,House,TX,TPR,2023-11-15,False,True
Michael McCaul,Republican,House,TX,WFC,2023-11-7,False,True
Michael McCaul,Republican,House,TX,JPM,2023-11-1,True,False
Michael McCaul,Republican,House,TX,JPM,2023-11-1,True,False
Michael McCaul,Republican,House,TX,JPM,2023-11-15,False,True
Michael McCaul,Republican,House,TX,JPM,2023-11-15,True,False
Michael McCaul,Republican,House,TX,JPM,2023-11-29,False,True
Michael McCaul,Republican,House,TX,JPM,2023-11-29,True,False
Michael McCaul,Republican,House,TX,JPM,2023-10-31,True,False
Michael McCaul,Republican,House,TX,VWLUX,2023-10-31,True,False
Michael McCaul,Republican,House,TX,N/A,2023-10-31,False,True
Michael McCaul,Republican,House,TX,AMZN,2023-10-31,True,False
Michael McCaul,Republican,House,TX,AIT,2023-10-31,True,False
Michael McCaul,Republican,House,TX,ATR,2023-10-31,True,False
Michael McCaul,Republican,House,TX,ANET,2023-10-31,True,False
Michael McCaul,Republican,House,TX,ARW,2023-11-15,True,False
Michael McCaul,Republican,House,TX,ARW,2023-10-31,True,False
Michael McCaul,Republican,House,TX,BECN,2023-10-31,True,False
Michael McCaul,Republican,House,TX,BJ,2023-11-21,True,False
Michael McCaul,Republican,House,TX,BJ,2023-10-31,True,False
Michael McCaul,Republican,House,TX,N/A,2023-11-29,True,False
Michael McCaul,Republican,House,TX,CSL,2023-10-31,True,False
Michael McCaul,Republican,House,TX,CHTR,2023-11-19,True,False
Michael McCaul,Republican,House,TX,CMG,2023-11-1,True,False
Michael McCaul,Republican,House,TX,N/A,2023-11-9,False,True
Michael McCaul,Republican,House,TX,N/A,2023-11-14,False,True
Michael McCaul,Republican,House,TX,N/A,2023-11-2,True,False
Michael McCaul,Republican,House,TX,CNM,2023-10-31,True,False
Michael McCaul,Republican,House,TX,CTS,2023-10-31,True,False
Michael McCaul,Republican,House,TX,N/A,2023-11-20,True,False
Michael McCaul,Republican,House,TX,N/A,2023-10-31,False,True
Michael McCaul,Republican,House,TX,N/A,2023-10-31,False,True
Michael McCaul,Republican,House,TX,N/A,2023-10-31,False,True
Michael McCaul,Republican,House,TX,N/A,2023-11-8,True,False
Michael McCaul,Republican,House,TX,DFAS,2023-10-31,True,False
Michael McCaul,Republican,House,TX,DCI,2023-10-31,True,False
Michael McCaul,Republican,House,TX,N/A,2023-11-6,True,False
Michael McCaul,Republican,House,TX,EPAM,2023-11-2,False,True
Michael McCaul,Republican,House,TX,EPAM,2023-11-1,False,True
Michael McCaul,Republican,House,TX,FN,2023-10-31,True,False
Michael McCaul,Republican,House,TX,FN,2023-11-21,False,True
Michael McCaul,Republican,House,TX,FCFS,2023-10-31,True,False
Michael McCaul,Republican,House,TX,FLT,2023-11-2,False,True
Michael McCaul,Republican,House,TX,FLT,2023-11-1,False,True
Michael McCaul,Republican,House,TX,FLT,2023-10-31,False,True
Michael McCaul,Republican,House,TX,FBIN,2023-11-16,True,False
Michael McCaul,Republican,House,TX,FBIN,2023-10-31,True,False
Michael McCaul,Republican,House,TX,GTES,2023-10-31,True,False
Michael McCaul,Republican,House,TX,G,2023-10-31,True,False
Michael McCaul,Republican,House,TX,HLI,2023-10-31,True,False
Michael McCaul,Republican,House,TX,NSIT,2023-10-31,True,False
Michael McCaul,Republican,House,TX,IPG,2023-10-31,True,False
Michael McCaul,Republican,House,TX,ITT,2023-10-31,True,False
Michael McCaul,Republican,House,TX,JTSXX,2023-11-23,True,False
Michael McCaul,Republican,House,TX,JTSXX,2023-11-21,True,False
Michael McCaul,Republican,House,TX,JTSXX,2023-10-31,True,False
Michael McCaul,Republican,House,TX,JTSXX,2023-11-20,False,True
Michael McCaul,Republican,House,TX,JTSXX,2023-11-14,False,True
Michael McCaul,Republican,House,TX,JTSXX,2023-11-12,False,True
Michael McCaul,Republican,House,TX,JTSXX,2023-11-9,False,True
Michael McCaul,Republican,House,TX,LCII,2023-10-31,True,False
Michael McCaul,Republican,House,TX,LCII,2023-11-14,False,True
Michael McCaul,Republican,House,TX,N/A,2023-11-29,True,False
Michael McCaul,Republican,House,TX,LGIH,2023-10-31,True,False
Michael McCaul,Republican,House,TX,LBRDA,2023-11-19,False,True
Michael McCaul,Republican,House,TX,N/A,2023-11-1,True,False
Michael McCaul,Republican,House,TX,N/A,2023-11-9,True,False
Michael McCaul,Republican,House,TX,N/A,2023-11-7,True,False
Michael McCaul,Republican,House,TX,MNST,2023-11-6,True,False
Michael McCaul,Republican,House,TX,N/A,2023-10-31,False,True
Michael McCaul,Republican,House,TX,NVT,2023-10-31,True,False
Michael McCaul,Republican,House,TX,PLXS,2023-10-31,True,False
Michael McCaul,Republican,House,TX,N/A,2023-11-16,True,False
Michael McCaul,Republican,House,TX,PRI,2023-10-31,True,False
Michael McCaul,Republican,House,TX,RHI,2023-10-31,True,False
Michael McCaul,Republican,House,TX,HSIC,2023-11-13,True,False
Michael McCaul,Republican,House,TX,HSIC,2023-10-31,True,False
Michael McCaul,Republican,House,TX,N/A,2023-11-2,True,False
Michael McCaul,Republican,House,TX,SSD,2023-10-31,True,False
Michael McCaul,Republican,House,TX,SKX,2023-10-31,True,False
Michael McCaul,Republican,House,TX,TSM,2023-11-7,True,False
Michael McCaul,Republican,House,TX,TSM,2023-11-12,True,False
Michael McCaul,Republican,House,TX,TKR,2023-11-16,True,False
Michael McCaul,Republican,House,TX,TKR,2023-10-31,True,False
Michael McCaul,Republican,House,TX,TRS,2023-10-31,True,False
Michael McCaul,Republican,House,TX,N/A,2023-11-15,False,True
Michael McCaul,Republican,House,TX,N/A,2023-11-12,True,False
Michael McCaul,Republican,House,TX,N/A,2023-11-15,False,True
Michael McCaul,Republican,House,TX,N/A,2023-10-31,False,True
Michael McCaul,Republican,House,TX,VVV,2023-11-19,True,False
Michael McCaul,Republican,House,TX,VVV,2023-11-14,True,False
Michael McCaul,Republican,House,TX,VVV,2023-10-31,True,False
Michael McCaul,Republican,House,TX,WTM,2023-10-31,True,False
Michael McCaul,Republican,House,TX,ZION,2023-10-31,True,False
Michael McCaul,Republican,House,TX,N/A,2023-11-7,True,False
Michael McCaul,Republican,House,TX,N/A,2023-11-1,True,False
Michael McCaul,Republican,House,TX,N/A,2023-11-19,True,False
Michael McCaul,Republican,House,TX,CVX,2023-11-15,True,False
Michael McCaul,Republican,House,TX,DXC,2023-11-6,False,True
Michael McCaul,Republican,House,TX,OSK,2023-11-15,True,False
Michael McCaul,Republican,House,TX,TPR,2023-11-15,False,True
Michael McCaul,Republican,House,TX,WFC,2023-11-7,False,True
Michael McCaul,Republican,House,TX,JPM,2023-11-1,False,True
Michael McCaul,Republican,House,TX,JPM,2023-11-1,True,False
Michael McCaul,Republican,House,TX,JPM,2023-11-15,False,True
Michael McCaul,Republican,House,TX,JPM,2023-11-15,True,False
Michael McCaul,Republican,House,TX,JPM,2023-11-29,False,True
Michael McCaul,Republican,House,TX,JPM,2023-11-29,True,False
Michael McCaul,Republican,House,TX,JPM,2023-10-31,True,False
Michael McCaul,Republican,House,TX,VWLUX,2023-10-31,True,False
Michael McCaul,Republican,House,TX,VMFXX,2023-11-1,False,True
Michael McCaul,Republican,House,TX,N/A,2023-11-16,True,False
Michael McCaul,Republican,House,TX,N/A,2023-11-2,True,False
Lloyd Doggett,Democrat,House,TX,PG,2023-11-14,True,False
John Curtis,Republican,House,UT,ABT,2023-12-3,False,True
John Curtis,Republican,House,UT,ADBE,2023-12-3,False,True
John Curtis,Republican,House,UT,AMD,2023-12-3,False,True
John Curtis,Republican,House,UT,GOOGL,2023-12-3,False,True
John Curtis,Republican,House,UT,AMZN,2023-12-3,False,True
John Curtis,Republican,House,UT,AXP,2023-12-3,False,True
John Curtis,Republican,House,UT,AAPL,2023-12-3,False,True
John Curtis,Republican,House,UT,AMAT,2023-12-3,False,True
John Curtis,Republican,House,UT,AZO,2023-12-3,False,True
John Curtis,Republican,House,UT,BRK/B,2023-12-3,False,True
John Curtis,Republican,House,UT,BLK,2023-12-3,False,True
John Curtis,Republican,House,UT,BSX,2023-12-3,False,True
John Curtis,Republican,House,UT,CAT,2023-12-3,False,True
John Curtis,Republican,House,UT,CVX,2023-12-3,False,True
John Curtis,Republican,House,UT,CMG,2023-12-3,False,True
John Curtis,Republican,House,UT,KO,2023-12-3,False,True
John Curtis,Republican,House,UT,CMCSA,2023-12-3,False,True
John Curtis,Republican,House,UT,COP,2023-12-3,False,True
John Curtis,Republican,House,UT,STZ,2023-12-3,False,True
John Curtis,Republican,House,UT,COST,2023-12-3,False,True
John Curtis,Republican,House,UT,CSX,2023-12-3,False,True
John Curtis,Republican,House,UT,DHR,2023-12-3,False,True
John Curtis,Republican,House,UT,DE,2023-12-3,False,True
John Curtis,Republican,House,UT,EW,2023-12-3,False,True
John Curtis,Republican,House,UT,ELV,2023-12-3,False,True
John Curtis,Republican,House,UT,LLY,2023-12-3,False,True
John Curtis,Republican,House,UT,EMR,2023-12-3,False,True
John Curtis,Republican,House,UT,FI,2023-12-3,False,True
John Curtis,Republican,House,UT,GS,2023-12-3,False,True
John Curtis,Republican,House,UT,HLT,2023-12-3,False,True
John Curtis,Republican,House,UT,HD,2023-12-3,False,True
John Curtis,Republican,House,UT,HON,2023-12-3,False,True
John Curtis,Republican,House,UT,ICE,2023-12-3,False,True
John Curtis,Republican,House,UT,JPM,2023-12-3,False,True
John Curtis,Republican,House,UT,KLAC,2023-12-3,False,True
John Curtis,Republican,House,UT,LRCX,2023-12-3,False,True
John Curtis,Republican,House,UT,MA,2023-12-3,False,True
John Curtis,Republican,House,UT,META,2023-12-3,False,True
John Curtis,Republican,House,UT,MSFT,2023-12-3,False,True
John Curtis,Republican,House,UT,NKE,2023-12-3,False,True
John Curtis,Republican,House,UT,NVDA,2023-12-3,False,True
John Curtis,Republican,House,UT,PANW,2023-12-3,False,True
John Curtis,Republican,House,UT,PEP,2023-12-3,False,True
John Curtis,Republican,House,UT,PG,2023-12-3,False,True
John Curtis,Republican,House,UT,RTX,2023-12-3,False,True
John Curtis,Republican,House,UT,SPGI,2023-12-3,False,True
John Curtis,Republican,House,UT,CRM,2023-12-3,False,True
John Curtis,Republican,House,UT,SHW,2023-12-3,False,True
John Curtis,Republican,House,UT,SBUX,2023-12-3,False,True
John Curtis,Republican,House,UT,TXN,2023-12-3,False,True
John Curtis,Republican,House,UT,TMO,2023-12-3,False,True
John Curtis,Republican,House,UT,TMUS,2023-12-3,False,True
John Curtis,Republican,House,UT,UNP,2023-12-3,False,True
John Curtis,Republican,House,UT,UNH,2023-12-3,False,True
John Curtis,Republican,House,UT,VLO,2023-12-3,False,True
John Curtis,Republican,House,UT,V,2023-12-3,False,True
John Curtis,Republican,House,UT,ZTS,2023-12-3,False,True
Katie Britt,Republican,Senate,AL,N/A,2023-12-13,True,False
Richard Blumenthal,Democrat,Senate,CT,N/A,2023-11-16,True,False
Richard Blumenthal,Democrat,Senate,CT,N/A,2023-11-14,True,False
Richard Blumenthal,Democrat,Senate,CT,IHRT,2023-11-13,False,True
Richard Blumenthal,Democrat,Senate,CT,IHRT,2023-11-12,False,True
Richard Blumenthal,Democrat,Senate,CT,IHRT,2023-11-9,False,True
Richard Blumenthal,Democrat,Senate,CT,N/A,2023-11-27,True,False
Tommy Tuberville,Republican,Senate,AL,MDLZ,2023-11-21,True,False
Tommy Tuberville,Republican,Senate,AL,CLF,2023-11-20,False,True
Tommy Tuberville,Republican,Senate,AL,KEY,2023-11-20,True,False
Tommy Tuberville,Republican,Senate,AL,FGBI,2023-11-20,False,True
Tommy Tuberville,Republican,Senate,AL,ABBV,2023-11-19,False,True
Tommy Tuberville,Republican,Senate,AL,BMY,2023-11-15,False,True
Tommy Tuberville,Republican,Senate,AL,AMAT,2023-11-14,False,True
Tommy Tuberville,Republican,Senate,AL,MCHP,2023-11-14,False,True
Tommy Tuberville,Republican,Senate,AL,OXY,2023-11-13,False,True
Tommy Tuberville,Republican,Senate,AL,OXY,2023-11-13,False,True
Tommy Tuberville,Republican,Senate,AL,CLF,2023-11-8,False,True
Tommy Tuberville,Republican,Senate,AL,MSFT,2023-11-8,False,True
Tommy Tuberville,Republican,Senate,AL,X,2023-11-6,True,False
Scott Peters,Democrat,House,CA,N/A,2023-10-31,False,True
Scott Peters,Democrat,House,CA,N/A,2023-11-7,True,False
Scott Peters,Democrat,House,CA,N/A,2023-11-7,True,False
Scott Peters,Democrat,House,CA,N/A,2023-11-1,False,True
Scott Peters,Democrat,House,CA,N/A,2023-11-7,True,False
Scott Peters,Democrat,House,CA,N/A,2023-11-16,True,False
Scott Peters,Democrat,House,CA,N/A,2023-11-19,True,False
Debbie Dingell,Democrat,House,MI,MDT,2023-12-4,True,False
Ann Wagner,Republican,House,MO,N/A,2023-11-15,True,False
Ann Wagner,Republican,House,MO,N/A,2023-11-15,False,True
Ann Wagner,Republican,House,MO,N/A,2023-11-29,True,False
French Hill,Republican,House,AR,MMM,2023-11-21,True,False
French Hill,Republican,House,AR,MO,2023-11-21,False,True
French Hill,Republican,House,AR,FIS,2023-11-21,True,False
French Hill,Republican,House,AR,INTC,2023-11-21,True,False
French Hill,Republican,House,AR,MKL,2023-11-21,True,False
French Hill,Republican,House,AR,PM,2023-11-21,False,True
French Hill,Republican,House,AR,PCH,2023-11-21,True,False
French Hill,Republican,House,AR,PCH,2023-11-21,True,False
French Hill,Republican,House,AR,PCH,2023-11-21,True,False
French Hill,Republican,House,AR,V,2023-11-21,True,False
French Hill,Republican,House,AR,WBD,2023-11-21,True,False
Suzan DelBene,Democrat,House,WA,N/A,2023-11-15,True,False
John Boozman,Republican,Senate,AR,SHY,2023-11-6,False,True
John Boozman,Republican,Senate,AR,CMBS,2023-11-6,False,True
John Boozman,Republican,Senate,AR,TLT,2023-11-28,False,True
John Boozman,Republican,Senate,AR,AGZ,2023-11-6,False,True
John Boozman,Republican,Senate,AR,GBIL,2023-11-6,False,True
John Boozman,Republican,Senate,AR,GIGB,2023-11-6,False,True
John Boozman,Republican,Senate,AR,JMBS,2023-11-6,True,False
John Boozman,Republican,Senate,AR,SHY,2023-11-28,True,False
John Boozman,Republican,Senate,AR,TLH,2023-11-7,True,False
John Boozman,Republican,Senate,AR,TLT,2023-11-6,True,False
John Boozman,Republican,Senate,AR,MBB,2023-11-6,True,False
Michael Guest,Republican,House,MS,DT,2023-11-12,True,False
Michael Guest,Republican,House,MS,EVVTY,2023-11-12,True,False
Michael Guest,Republican,House,MS,MEDP,2023-11-12,True,False
Michael Guest,Republican,House,MS,UBER,2023-11-12,True,False
Michael Guest,Republican,House,MS,ULTA,2023-11-12,True,False
Shelley Moore Capito,Republican,Senate,WV,MSFT,2023-11-29,False,True
Mike Kelly,Republican,House,PA,N/A,2023-11-5,True,False
Mike Kelly,Republican,House,PA,N/A,2023-11-6,True,False
Josh Gottheimer,Democrat,House,NJ,ABBV,2023-11-7,False,True
Josh Gottheimer,Democrat,House,NJ,ADBE,2023-11-7,True,False
Josh Gottheimer,Democrat,House,NJ,GOOGL,2023-11-28,False,True
Josh Gottheimer,Democrat,House,NJ,GOOGL,2023-11-9,False,True
Josh Gottheimer,Democrat,House,NJ,ANET,2023-10-31,True,False
Josh Gottheimer,Democrat,House,NJ,N/A,2023-11-8,False,True
Josh Gottheimer,Democrat,House,NJ,AZO,2023-11-15,False,True
Josh Gottheimer,Democrat,House,NJ,CELH,2023-11-1,True,False
Josh Gottheimer,Democrat,House,NJ,CELH,2023-11-19,True,False
Josh Gottheimer,Democrat,House,NJ,DASH,2023-11-15,True,False
Josh Gottheimer,Democrat,House,NJ,LLY,2023-11-12,True,False
Josh Gottheimer,Democrat,House,NJ,LLY,2023-11-15,True,False
Josh Gottheimer,Democrat,House,NJ,EXAS,2023-11-12,False,True
Josh Gottheimer,Democrat,House,NJ,HCA,2023-11-12,False,True
Josh Gottheimer,Democrat,House,NJ,HCA,2023-11-27,False,True
Josh Gottheimer,Democrat,House,NJ,N/A,2023-11-14,True,False
Josh Gottheimer,Democrat,House,NJ,MCK,2023-11-15,False,True
Josh Gottheimer,Democrat,House,NJ,MSFT,2023-11-13,True,False
Josh Gottheimer,Democrat,House,NJ,MSFT,2023-11-13,True,False
Josh Gottheimer,Democrat,House,NJ,MSFT,2023-11-13,False,True
Josh Gottheimer,Democrat,House,NJ,MSFT,2023-11-13,False,True
Josh Gottheimer,Democrat,House,NJ,MNST,2023-11-19,False,True
Josh Gottheimer,Democrat,House,NJ,MNST,2023-11-8,False,True
Josh Gottheimer,Democrat,House,NJ,PANW,2023-11-27,True,False
Josh Gottheimer,Democrat,House,NJ,PWR,2023-11-26,True,False
Josh Gottheimer,Democrat,House,NJ,REGN,2023-11-12,False,True
Josh Gottheimer,Democrat,House,NJ,ROK,2023-11-26,False,True
Josh Gottheimer,Democrat,House,NJ,CRM,2023-11-21,False,True
Josh Gottheimer,Democrat,House,NJ,CRM,2023-11-7,False,True
Josh Gottheimer,Democrat,House,NJ,NOW,2023-11-7,True,False
Josh Gottheimer,Democrat,House,NJ,NOW,2023-11-21,True,False
Josh Gottheimer,Democrat,House,NJ,NOW,2023-11-28,True,False
Josh Gottheimer,Democrat,House,NJ,TMO,2023-11-27,False,True
Rick Scott,Republican,Senate,FL,N/A,2023-11-26,True,False
Rick Scott,Republican,Senate,FL,N/A,2023-11-26,True,False
Rick Scott,Republican,Senate,FL,N/A,2023-11-26,True,False
Rick Scott,Republican,Senate,FL,N/A,2023-11-26,True,False
Rick Scott,Republican,Senate,FL,N/A,2023-11-20,True,False
Rick Scott,Republican,Senate,FL,N/A,2023-11-20,True,False
Rick Scott,Republican,Senate,FL,N/A,2023-11-20,True,False
Rick Scott,Republican,Senate,FL,N/A,2023-11-20,True,False
Rick Scott,Republican,Senate,FL,N/A,2023-11-8,True,False
Rick Scott,Republican,Senate,FL,N/A,2023-11-8,True,False
Rick Scott,Republican,Senate,FL,N/A,2023-11-8,True,False
Rick Scott,Republican,Senate,FL,N/A,2023-11-8,True,False
Rick Scott,Republican,Senate,FL,N/A,2023-11-8,True,False
Rick Scott,Republican,Senate,FL,N/A,2023-11-8,True,False
Rick Scott,Republican,Senate,FL,N/A,2023-11-8,True,False
Rick Scott,Republican,Senate,FL,N/A,2023-11-8,True,False
Carol Miller,Republican,House,WV,EOG,2023-11-2,True,False
Carol Miller,Republican,House,WV,IGSB,2023-11-29,True,False
Carol Miller,Republican,House,WV,CORP,2023-11-27,False,True
Carol Miller,Republican,House,WV,UNP,2023-11-2,False,True
Doug Lamborn,Republican,House,CO,NTAP,2023-11-30,False,True
Doug Lamborn,Republican,House,CO,NTAP,2023-12-5,True,False
Doug Lamborn,Republican,House,CO,NTAP,2023-11-30,False,True
Doug Lamborn,Republican,House,CO,NTAP,2023-12-5,True,False
Doug Lamborn,Republican,House,CO,NTAP,2023-11-30,False,True
Doug Lamborn,Republican,House,CO,NTAP,2023-12-5,True,False
Ro Khanna,Democrat,House,CA,XYL,2023-11-2,True,False
Ro Khanna,Democrat,House,CA,C,2023-11-1,True,False
Ro Khanna,Democrat,House,CA,AMT,2023-11-2,True,False
Ro Khanna,Democrat,House,CA,ISRG,2023-11-2,True,False
Ro Khanna,Democrat,House,CA,PFE,2023-11-16,True,False
Ro Khanna,Democrat,House,CA,MS,2023-11-2,True,False
Ro Khanna,Democrat,House,CA,CSCO,2023-11-2,True,False
Ro Khanna,Democrat,House,CA,LH,2023-11-19,True,False
Ro Khanna,Democrat,House,CA,FERG,2023-11-2,True,False
Ro Khanna,Democrat,House,CA,PFE,2023-11-20,True,False
Ro Khanna,Democrat,House,CA,PFE,2023-11-27,True,False
Ro Khanna,Democrat,House,CA,CAT,2023-11-2,False,True
Ro Khanna,Democrat,House,CA,KKR,2023-11-8,False,True
Ro Khanna,Democrat,House,CA,LLY,2023-11-2,False,True
Ro Khanna,Democrat,House,CA,CARR,2023-11-2,False,True
Ro Khanna,Democrat,House,CA,CARR,2023-10-31,False,True
Ro Khanna,Democrat,House,CA,KKR,2023-11-13,False,True
Ro Khanna,Democrat,House,CA,CARR,2023-11-5,False,True
Ro Khanna,Democrat,House,CA,PH,2023-11-8,False,True
Ro Khanna,Democrat,House,CA,ZBH,2023-11-2,True,False
Ro Khanna,Democrat,House,CA,ZBH,2023-11-6,True,False
Ro Khanna,Democrat,House,CA,KO,2023-11-2,True,False
Ro Khanna,Democrat,House,CA,PFE,2023-11-2,True,False
Ro Khanna,Democrat,House,CA,VZ,2023-11-2,True,False
Ro Khanna,Democrat,House,CA,BMY,2023-11-2,True,False
Ro Khanna,Democrat,House,CA,TMO,2023-11-2,True,False
Ro Khanna,Democrat,House,CA,UPS,2023-11-2,True,False
Ro Khanna,Democrat,House,CA,MMM,2023-11-2,True,False
Ro Khanna,Democrat,House,CA,JCI,2023-11-2,True,False
Ro Khanna,Democrat,House,CA,MS,2023-11-2,True,False
Ro Khanna,Democrat,House,CA,TGT,2023-11-2,True,False
Ro Khanna,Democrat,House,CA,SBUX,2023-11-2,True,False
Ro Khanna,Democrat,House,CA,REGN,2023-11-2,True,False
Ro Khanna,Democrat,House,CA,AMAT,2023-11-2,True,False
Ro Khanna,Democrat,House,CA,USB,2023-11-2,True,False
Ro Khanna,Democrat,House,CA,AXP,2023-11-2,True,False
Ro Khanna,Democrat,House,CA,KEY,2023-11-2,True,False
Ro Khanna,Democrat,House,CA,PYPL,2023-11-2,True,False
Ro Khanna,Democrat,House,CA,SYK,2023-11-2,True,False
Ro Khanna,Democrat,House,CA,MTD,2023-11-2,True,False
Ro Khanna,Democrat,House,CA,MAA,2023-11-2,True,False
Ro Khanna,Democrat,House,CA,LULU,2023-11-2,True,False
Ro Khanna,Democrat,House,CA,PANW,2023-11-2,True,False
Ro Khanna,Democrat,House,CA,HLT,2023-11-2,True,False
Ro Khanna,Democrat,House,CA,CPRT,2023-11-2,True,False
Ro Khanna,Democrat,House,CA,CSGP,2023-11-2,True,False
Ro Khanna,Democrat,House,CA,CBRE,2023-11-2,True,False
Ro Khanna,Democrat,House,CA,LKQ,2023-11-2,True,False
Ro Khanna,Democrat,House,CA,CMA,2023-11-2,True,False
Ro Khanna,Democrat,House,CA,A,2023-11-2,True,False
Ro Khanna,Democrat,House,CA,ETN,2023-11-2,True,False
Ro Khanna,Democrat,House,CA,NTRS,2023-11-2,True,False
Ro Khanna,Democrat,House,CA,GILD,2023-11-2,True,False
Ro Khanna,Democrat,House,CA,TSCO,2023-11-2,True,False
Ro Khanna,Democrat,House,CA,IQV,2023-11-2,True,False
Ro Khanna,Democrat,House,CA,GWW,2023-11-2,True,False
Ro Khanna,Democrat,House,CA,MRNA,2023-11-2,True,False
Ro Khanna,Democrat,House,CA,AMD,2023-11-2,True,False
Ro Khanna,Democrat,House,CA,APD,2023-11-2,True,False
Ro Khanna,Democrat,House,CA,DD,2023-11-2,True,False
Ro Khanna,Democrat,House,CA,BBY,2023-11-2,True,False
Ro Khanna,Democrat,House,CA,ROK,2023-11-2,True,False
Ro Khanna,Democrat,House,CA,PWR,2023-11-2,True,False
Ro Khanna,Democrat,House,CA,CLX,2023-11-2,True,False
Ro Khanna,Democrat,House,CA,PARA,2023-11-2,True,False
Ro Khanna,Democrat,House,CA,PODD,2023-11-2,True,False
Ro Khanna,Democrat,House,CA,ROST,2023-11-2,True,False
Ro Khanna,Democrat,House,CA,OTIS,2023-11-2,True,False
Ro Khanna,Democrat,House,CA,PAYC,2023-11-2,True,False
Ro Khanna,Democrat,House,CA,QCOM,2023-11-2,True,False
Ro Khanna,Democrat,House,CA,ALK,2023-11-2,True,False
Ro Khanna,Democrat,House,CA,UDR,2023-11-2,True,False
Ro Khanna,Democrat,House,CA,DLTR,2023-11-2,True,False
Ro Khanna,Democrat,House,CA,CFG,2023-11-2,True,False
Ro Khanna,Democrat,House,CA,HCA,2023-11-2,True,False
Ro Khanna,Democrat,House,CA,GRMN,2023-11-2,True,False
Ro Khanna,Democrat,House,CA,BWA,2023-11-2,True,False
Ro Khanna,Democrat,House,CA,NEM,2023-11-2,True,False
Ro Khanna,Democrat,House,CA,FSLR,2023-11-2,True,False
Ro Khanna,Democrat,House,CA,RHI,2023-11-2,True,False
Ro Khanna,Democrat,House,CA,MGM,2023-11-2,True,False
Ro Khanna,Democrat,House,CA,WBD,2023-11-2,True,False
Ro Khanna,Democrat,House,CA,CPT,2023-11-2,True,False
Ro Khanna,Democrat,House,CA,ETSY,2023-11-2,True,False
Ro Khanna,Democrat,House,CA,KIM,2023-11-2,True,False
Ro Khanna,Democrat,House,CA,AAL,2023-11-2,True,False
Ro Khanna,Democrat,House,CA,HST,2023-11-2,True,False
Ro Khanna,Democrat,House,CA,SEE,2023-11-2,True,False
Ro Khanna,Democrat,House,CA,CDAY,2023-11-2,True,False
Ro Khanna,Democrat,House,CA,BBWI,2023-11-2,True,False
Ro Khanna,Democrat,House,CA,FITB,2023-11-2,True,False
Ro Khanna,Democrat,House,CA,TPR,2023-11-2,True,False
Ro Khanna,Democrat,House,CA,PEAK,2023-11-2,True,False
Ro Khanna,Democrat,House,CA,INVH,2023-11-2,True,False
Ro Khanna,Democrat,House,CA,HBAN,2023-11-2,True,False
Ro Khanna,Democrat,House,CA,IVZ,2023-11-2,True,False
Ro Khanna,Democrat,House,CA,UAL,2023-11-2,True,False
Ro Khanna,Democrat,House,CA,WHR,2023-11-2,True,False
Ro Khanna,Democrat,House,CA,WBA,2023-11-2,True,False
Ro Khanna,Democrat,House,CA,IDXX,2023-11-2,True,False
Ro Khanna,Democrat,House,CA,PFG,2023-11-2,True,False
Ro Khanna,Democrat,House,CA,ZBRA,2023-11-2,True,False
Ro Khanna,Democrat,House,CA,MHK,2023-11-2,True,False
Ro Khanna,Democrat,House,CA,CHTR,2023-11-2,True,False
Ro Khanna,Democrat,House,CA,HAS,2023-11-2,True,False
Ro Khanna,Democrat,House,CA,C,2023-11-2,True,False
Ro Khanna,Democrat,House,CA,BSX,2023-11-2,True,False
Ro Khanna,Democrat,House,CA,VMC,2023-11-2,True,False
Ro Khanna,Democrat,House,CA,ADSK,2023-11-2,True,False
Ro Khanna,Democrat,House,CA,VRSN,2023-11-2,True,False
Ro Khanna,Democrat,House,CA,CCI,2023-11-2,True,False
Ro Khanna,Democrat,House,CA,TDY,2023-11-2,True,False
Ro Khanna,Democrat,House,CA,GEHC,2023-11-2,True,False
Ro Khanna,Democrat,House,CA,CMCSA,2023-11-2,True,False
Ro Khanna,Democrat,House,CA,POOL,2023-11-2,True,False
Ro Khanna,Democrat,House,CA,EXPE,2023-11-2,True,False
Ro Khanna,Democrat,House,CA,NKE,2023-11-2,True,False
Ro Khanna,Democrat,House,CA,JNJ,2023-11-2,False,True
Ro Khanna,Democrat,House,CA,BAC,2023-11-2,False,True
Ro Khanna,Democrat,House,CA,MCD,2023-11-2,False,True
Ro Khanna,Democrat,House,CA,PEP,2023-11-2,False,True
Ro Khanna,Democrat,House,CA,F,2023-11-2,False,True
Ro Khanna,Democrat,House,CA,TXN,2023-11-2,False,True
Ro Khanna,Democrat,House,CA,HD,2023-11-2,False,True
Ro Khanna,Democrat,House,CA,PLD,2023-11-2,False,True
Ro Khanna,Democrat,House,CA,DIS,2023-11-2,False,True
Ro Khanna,Democrat,House,CA,LOW,2023-11-2,False,True
Ro Khanna,Democrat,House,CA,APTV,2023-11-2,False,True
Ro Khanna,Democrat,House,CA,ABNB,2023-11-2,False,True
Ro Khanna,Democrat,House,CA,URI,2023-11-2,False,True
Ro Khanna,Democrat,House,CA,JEPI,2023-11-2,False,True
Ro Khanna,Democrat,House,CA,GNRC,2023-11-2,False,True
Ro Khanna,Democrat,House,CA,VICI,2023-11-2,False,True
Ro Khanna,Democrat,House,CA,N/A,2023-11-2,False,True
Ro Khanna,Democrat,House,CA,BKNG,2023-11-2,False,True
Ro Khanna,Democrat,House,CA,ISRG,2023-11-2,False,True
Ro Khanna,Democrat,House,CA,LBYAV,2023-11-2,False,True
Ro Khanna,Democrat,House,CA,PSA,2023-11-2,False,True
Ro Khanna,Democrat,House,CA,LBYAV,2023-11-2,False,True
Ro Khanna,Democrat,House,CA,EL,2023-11-2,False,True
Ro Khanna,Democrat,House,CA,BIIB,2023-11-2,False,True
Ro Khanna,Democrat,House,CA,EW,2023-11-2,False,True
Ro Khanna,Democrat,House,CA,CTVA,2023-11-2,False,True
Ro Khanna,Democrat,House,CA,FOXA,2023-11-2,False,True
Ro Khanna,Democrat,House,CA,TRMB,2023-11-2,False,True
Ro Khanna,Democrat,House,CA,KVUE,2023-11-2,False,True
Ro Khanna,Democrat,House,CA,EXR,2023-11-2,False,True
Ro Khanna,Democrat,House,CA,ARE,2023-11-2,False,True
Ro Khanna,Democrat,House,CA,GPC,2023-11-2,False,True
Ro Khanna,Democrat,House,CA,DFS,2023-11-2,False,True
Ro Khanna,Democrat,House,CA,ULTA,2023-11-2,False,True
Ro Khanna,Democrat,House,CA,MCHP,2023-11-2,False,True
Ro Khanna,Democrat,House,CA,PNC,2023-11-2,False,True
Ro Khanna,Democrat,House,CA,ADM,2023-11-2,False,True
Ro Khanna,Democrat,House,CA,EFX,2023-11-2,False,True
Ro Khanna,Democrat,House,CA,K,2023-11-2,False,True
Ro Khanna,Democrat,House,CA,KMB,2023-11-2,False,True
Ro Khanna,Democrat,House,CA,ILMN,2023-11-2,False,True
Ro Khanna,Democrat,House,CA,FTNT,2023-11-2,False,True
Ro Khanna,Democrat,House,CA,MNST,2023-11-2,False,True
Ro Khanna,Democrat,House,CA,AMP,2023-11-2,False,True
Ro Khanna,Democrat,House,CA,WST,2023-11-2,False,True
Ro Khanna,Democrat,House,CA,DOW,2023-11-2,False,True
Ro Khanna,Democrat,House,CA,ANSS,2023-11-2,False,True
Ro Khanna,Democrat,House,CA,COST,2023-11-2,False,True
Ro Khanna,Democrat,House,CA,AVY,2023-11-2,False,True
Ro Khanna,Democrat,House,CA,WAT,2023-11-2,False,True
Ro Khanna,Democrat,House,CA,HUM,2023-11-2,False,True
Ro Khanna,Democrat,House,CA,SBAC,2023-11-2,False,True
Ro Khanna,Democrat,House,CA,NDAQ,2023-11-2,False,True
Ro Khanna,Democrat,House,CA,PAYX,2023-11-2,False,True
Ro Khanna,Democrat,House,CA,TSLA,2023-11-2,False,True
Ro Khanna,Democrat,House,CA,ADP,2023-11-2,False,True
Ro Khanna,Democrat,House,CA,KHC,2023-11-2,False,True
Ro Khanna,Democrat,House,CA,BEN,2023-11-2,False,True
Ro Khanna,Democrat,House,CA,PCAR,2023-11-2,False,True
Ro Khanna,Democrat,House,CA,AMCR,2023-11-2,False,True
Ro Khanna,Democrat,House,CA,IP,2023-11-2,False,True
Ro Khanna,Democrat,House,CA,CHRW,2023-11-2,False,True
Ro Khanna,Democrat,House,CA,ALGN,2023-11-2,False,True
Ro Khanna,Democrat,House,CA,FTV,2023-11-2,False,True
Ro Khanna,Democrat,House,CA,ODFL,2023-11-2,False,True
Ro Khanna,Democrat,House,CA,GLW,2023-11-2,False,True
Ro Khanna,Democrat,House,CA,SYF,2023-11-2,False,True
Ro Khanna,Democrat,House,CA,GOOGL,2023-11-2,False,True
Ro Khanna,Democrat,House,CA,SPGI,2023-11-2,False,True
Ro Khanna,Democrat,House,CA,VLTO,2023-11-2,False,True
Ro Khanna,Democrat,House,CA,KEYS,2023-11-2,False,True
Ro Khanna,Democrat,House,CA,XRAY,2023-11-2,False,True
Ro Khanna,Democrat,House,CA,CRL,2023-11-2,False,True
Ro Khanna,Democrat,House,CA,DAL,2023-11-2,False,True
Ro Khanna,Democrat,House,CA,CZR,2023-11-2,False,True
Ro Khanna,Democrat,House,CA,BRK/B,2023-11-2,False,True
Ro Khanna,Democrat,House,CA,TECH,2023-11-2,False,True
Ro Khanna,Democrat,House,CA,TER,2023-11-2,False,True
Ro Khanna,Democrat,House,CA,HIW,2023-11-2,False,True
Ro Khanna,Democrat,House,CA,KMX,2023-11-2,False,True
Ro Khanna,Democrat,House,CA,ENPH,2023-11-2,False,True
Ro Khanna,Democrat,House,CA,LUV,2023-11-2,False,True
Ro Khanna,Democrat,House,CA,DOCU,2023-11-2,False,True
Ro Khanna,Democrat,House,CA,OGN,2023-11-2,False,True
Ro Khanna,Democrat,House,CA,TRU,2023-11-2,False,True
Ro Khanna,Democrat,House,CA,N/A,2023-11-2,False,True
Ro Khanna,Democrat,House,CA,BIO,2023-11-2,False,True
Ro Khanna,Democrat,House,CA,LH,2023-11-2,False,True
Ro Khanna,Democrat,House,CA,ZBH,2023-11-6,True,False
Ro Khanna,Democrat,House,CA,ZBH,2023-11-2,True,False
Ro Khanna,Democrat,House,CA,ZBH,2023-11-1,True,False
Ro Khanna,Democrat,House,CA,ZBH,2023-11-7,True,False
Ro Khanna,Democrat,House,CA,ZBH,2023-11-13,True,False
Ro Khanna,Democrat,House,CA,XSP,2023-10-31,True,False
Ro Khanna,Democrat,House,CA,XSP,2023-10-31,False,True
Ro Khanna,Democrat,House,CA,XSP,2023-11-27,False,True
Ro Khanna,Democrat,House,CA,XSP,2023-11-14,False,True
Ro Khanna,Democrat,House,CA,XSP,2023-11-5,False,True
Ro Khanna,Democrat,House,CA,RF,2023-11-27,False,True
Ro Khanna,Democrat,House,CA,RF,2023-11-26,False,True
Ro Khanna,Democrat,House,CA,RF,2023-11-6,False,True
Ro Khanna,Democrat,House,CA,TMUS,2023-11-9,True,False
Ro Khanna,Democrat,House,CA,FOXA,2023-11-9,True,False
Ro Khanna,Democrat,House,CA,ES,2023-11-9,True,False
Ro Khanna,Democrat,House,CA,N/A,2023-11-6,True,False
Kevin Hern,Republican,House,OK,ACN,2023-11-14,True,False
Kevin Hern,Republican,House,OK,FMCC,2023-11-5,False,True
Kevin Hern,Republican,House,OK,MMC,2023-11-14,True,False
Kevin Hern,Republican,House,OK,OKE,2023-11-13,True,False
Kevin Hern,Republican,House,OK,OKE,2023-11-13,True,False
Kevin Hern,Republican,House,OK,TXN,2023-11-13,True,False
Kevin Hern,Republican,House,OK,TXN,2023-11-13,True,False
Kevin Hern,Republican,House,OK,N/A,2023-11-29,False,True
Mike Garcia,Republican,House,CA,N/A,2023-12-3,True,False
Sheldon Whitehouse,Democrat,Senate,RI,CELH,2023-11-7,True,False
Sheldon Whitehouse,Democrat,Senate,RI,VLTO,2023-11-28,False,True
Sheldon Whitehouse,Democrat,Senate,RI,VLTO,2023-11-28,False,True
Sheldon Whitehouse,Democrat,Senate,RI,KMB,2023-11-15,False,True
Sheldon Whitehouse,Democrat,Senate,RI,VLTO,2023-11-28,False,True
Kathy Manning,Democrat,House,NC,N/A,2023-10-31,False,True
Kathy Manning,Democrat,House,NC,N/A,2023-10-31,False,True
Kathy Manning,Democrat,House,NC,N/A,2023-10-31,False,True
Kathy Manning,Democrat,House,NC,N/A,2023-10-31,True,False
Joe Manchin,Democrat,Senate,WV,N/A,2023-11-6,True,False
Virginia Foxx,Republican,House,NC,ARLP,2023-11-14,True,False
Virginia Foxx,Republican,House,NC,AAIC,2023-11-27,True,False
Virginia Foxx,Republican,House,NC,T,2023-11-1,True,False
Virginia Foxx,Republican,House,NC,CRT,2023-11-28,True,False
Virginia Foxx,Republican,House,NC,CRT,2023-11-27,True,False
Virginia Foxx,Republican,House,NC,FLNG,2023-11-27,True,False
Virginia Foxx,Republican,House,NC,USDP,2023-11-9,False,True
Jonathan Jackson,Democrat,House,IL,N/A,2023-11-15,False,True
Jonathan Jackson,Democrat,House,IL,CHX,2023-11-15,False,True
Jonathan Jackson,Democrat,House,IL,HON,2023-11-15,False,True
Jonathan Jackson,Democrat,House,IL,TMUS,2023-11-6,True,False
Earl Blumenauer,Democrat,House,OR,IP,2023-11-7,False,True
Earl Blumenauer,Democrat,House,OR,NWN,2023-11-14,True,False
Earl Blumenauer,Democrat,House,OR,PYPL,2023-11-8,False,True
Earl Blumenauer,Democrat,House,OR,N/A,2023-11-2,True,False
Earl Blumenauer,Democrat,House,OR,N/A,2023-11-2,True,False
David Kustoff,Republican,House,TN,NVDA,2023-11-28,True,False
Gary Peters,Democrat,Senate,MI,N/A,2023-11-1,True,False
Markwayne Mullin,Republican,Senate,OK,N/A,2023-10-30,True,False
Markwayne Mullin,Republican,Senate,OK,N/A,2023-10-26,True,False
Markwayne Mullin,Republican,Senate,OK,N/A,2023-10-25,True,False
Markwayne Mullin,Republican,Senate,OK,N/A,2023-11-15,True,False
Angus King,Other,Senate,ME,N/A,2023-10-22,True,False
Suzan DelBene,Democrat,House,WA,N/A,2023-11-2,True,False
Suzan DelBene,Democrat,House,WA,N/A,2023-10-31,True,False
Doris Matsui,Democrat,House,CA,N/A,2023-11-5,True,False
Doris Matsui,Democrat,House,CA,N/A,2023-11-5,True,False
Doris Matsui,Democrat,House,CA,N/A,2023-11-5,False,True
Doris Matsui,Democrat,House,CA,N/A,2023-11-5,True,False
Doris Matsui,Democrat,House,CA,N/A,2023-11-5,True,False
Doris Matsui,Democrat,House,CA,N/A,2023-11-5,True,False
Doris Matsui,Democrat,House,CA,N/A,2023-11-5,True,False
Doris Matsui,Democrat,House,CA,N/A,2023-11-5,True,False
Doris Matsui,Democrat,House,CA,N/A,2023-11-5,True,False
Michael Guest,Republican,House,MS,ANET,2023-10-31,True,False
Michael Guest,Republican,House,MS,INSW,2023-10-26,True,False
Michael Guest,Republican,House,MS,UEC,2023-10-24,True,False
Chuck Fleischmann,Republican,House,TN,GLDM,2023-10-19,False,True
Chuck Fleischmann,Republican,House,TN,VCSH,2023-10-19,True,False
Chuck Fleischmann,Republican,House,TN,MDYV,2023-10-19,False,True
Chuck Fleischmann,Republican,House,TN,MDYG,2023-10-19,False,True
Chuck Fleischmann,Republican,House,TN,SLYG,2023-10-19,True,False
Chuck Fleischmann,Republican,House,TN,SPDW,2023-10-19,False,True
Chuck Fleischmann,Republican,House,TN,CALF,2023-10-19,True,False
Chuck Fleischmann,Republican,House,TN,TLH,2023-10-19,True,False
Chuck Fleischmann,Republican,House,TN,XMHQ,2023-10-19,True,False
Chuck Fleischmann,Republican,House,TN,PDBC,2023-10-19,True,False
Chuck Fleischmann,Republican,House,TN,FINX,2023-10-19,True,False
Chuck Fleischmann,Republican,House,TN,FLJP,2023-10-19,False,True
Chuck Fleischmann,Republican,House,TN,XONE,2023-10-19,False,True
Michael McCaul,Republican,House,TX,ACN,2023-10-26,False,True
Michael McCaul,Republican,House,TX,ADBE,2023-10-26,False,True
Michael McCaul,Republican,House,TX,GOOGL,2023-10-30,True,False
Michael McCaul,Republican,House,TX,GOOGL,2023-10-30,True,False
Michael McCaul,Republican,House,TX,GOOGL,2023-10-30,False,True
Michael McCaul,Republican,House,TX,GOOGL,2023-10-26,False,True
Michael McCaul,Republican,House,TX,GOOGL,2023-10-15,False,True
Michael McCaul,Republican,House,TX,AMZN,2023-10-30,False,True
Michael McCaul,Republican,House,TX,AMZN,2023-10-26,False,True
Michael McCaul,Republican,House,TX,ANET,2023-10-26,False,True
Michael McCaul,Republican,House,TX,N/A,2023-10-26,False,True
Michael McCaul,Republican,House,TX,N/A,2023-10-11,True,False
Michael McCaul,Republican,House,TX,ADSK,2023-10-26,False,True
Michael McCaul,Republican,House,TX,ADP,2023-10-26,False,True
Michael McCaul,Republican,House,TX,N/A,2023-10-30,True,False
Michael McCaul,Republican,House,TX,N/A,2023-10-1,True,False
Michael McCaul,Republican,House,TX,BSX,2023-10-17,True,False
Michael McCaul,Republican,House,TX,BSX,2023-10-30,True,False
Michael McCaul,Republican,House,TX,BSX,2023-10-30,True,False
Michael McCaul,Republican,House,TX,BSX,2023-10-30,False,True
Michael McCaul,Republican,House,TX,BSX,2023-10-26,False,True
Michael McCaul,Republican,House,TX,N/A,2023-10-1,False,True
Michael McCaul,Republican,House,TX,CMG,2023-10-17,True,False
Michael McCaul,Republican,House,TX,CMG,2023-10-26,False,True
Michael McCaul,Republican,House,TX,C,2023-10-11,False,True
Michael McCaul,Republican,House,TX,COP,2023-10-9,True,False
Michael McCaul,Republican,House,TX,CNM,2023-9-28,True,False
