Name,Ticker,Party,Chamber,State,Buy Date,Sell Date
Bill Keating,ABNB,Democrat,House,MA,2023-1-17,2024-5-16
Bill Keating,BA,Democrat,House,MA,2023-9-14,2024-2-7
Bill Keating,BAC,Democrat,House,MA,2024-1-17,2024-9-10
Bill Keating,GM,Democrat,House,MA,2023-6-26,2024-9-10
Bill Keating,GOOGL,Democrat,House,MA,2023-2-12,2024-5-16
Bill Keating,JPM,Democrat,House,MA,2023-2-12,2024-9-10
Bill Keating,LOW,Democrat,House,MA,2024-4-10,2024-9-10
Bill Keating,META,Democrat,House,MA,2023-7-20,2024-9-10
Bill Keating,NXPI,Democrat,House,MA,2023-2-12,2024-9-10
Bill Keating,PEP,Democrat,House,MA,2023-8-9,2024-9-10
Bill Keating,TMUS,Democrat,House,MA,2024-6-5,2024-9-10
Bill Keating,UNP,Democrat,House,MA,2024-1-24,2024-9-10
Blake Moore,AAPL,Republican,House,UT,2023-12-21,2024-1-18
Byron Donalds,APPF,Republican,House,FL,2024-3-26,2024-9-30
Byron Donalds,DT,Republican,House,FL,2023-10-18,2024-2-21
Byron Donalds,HUM,Republican,House,FL,2023-2-23,2024-2-21
Byron Donalds,SNPS,Republican,House,FL,2024-2-21,2024-9-30
Byron Donalds,STM,Republican,House,FL,2023-2-23,2023-10-18
Dan Newhouse,INTU,Republican,House,WA,2023-4-25,2024-4-9
Dan Newhouse,NOW,Republican,House,WA,2023-4-25,2024-4-9
Dan Sullivan,ALGN,Republican,Senate,AK,2023-1-9,2023-8-21
Dan Sullivan,AMZN,Republican,Senate,AK,2023-1-9,2023-8-21
Dan Sullivan,CHD,Republican,Senate,AK,2023-2-20,2023-8-21
Dan Sullivan,GOOGL,Republican,Senate,AK,2023-2-9,2023-8-21
Dan Sullivan,ZTS,Republican,Senate,AK,2023-1-9,2023-8-21
Daniel S. Goldman,ABBV,Democrat,House,NY,2023-3-6,2023-7-13
Daniel S. Goldman,ADM,Democrat,House,NY,2023-3-5,2023-7-11
Daniel S. Goldman,AEG,Democrat,House,NY,2023-3-30,2023-7-9
Daniel S. Goldman,AIG,Democrat,House,NY,2023-2-28,2023-4-9
Daniel S. Goldman,AMT,Democrat,House,NY,2023-4-9,2023-7-11
Daniel S. Goldman,ANET,Democrat,House,NY,2023-1-30,2023-7-11
Daniel S. Goldman,AON,Democrat,House,NY,2023-1-30,2023-7-9
Daniel S. Goldman,APTV,Democrat,House,NY,2023-1-30,2023-7-13
Daniel S. Goldman,ARE,Democrat,House,NY,2023-3-5,2023-7-11
Daniel S. Goldman,ATUS,Democrat,House,NY,2023-4-9,2023-6-28
Daniel S. Goldman,AVB,Democrat,House,NY,2023-3-5,2023-7-11
Daniel S. Goldman,BMY,Democrat,House,NY,2023-4-9,2023-7-11
Daniel S. Goldman,BTI,Democrat,House,NY,2023-2-26,2023-7-9
Daniel S. Goldman,BXP,Democrat,House,NY,2023-3-5,2023-7-11
Daniel S. Goldman,CADE,Democrat,House,NY,2023-4-9,2023-7-11
Daniel S. Goldman,CAG,Democrat,House,NY,2023-1-30,2023-7-11
Daniel S. Goldman,CB,Democrat,House,NY,2023-4-9,2023-7-11
Daniel S. Goldman,CCI,Democrat,House,NY,2023-4-9,2023-7-11
Daniel S. Goldman,CFG,Democrat,House,NY,2023-4-9,2023-7-11
Daniel S. Goldman,CHPT,Democrat,House,NY,2023-4-9,2023-7-11
Daniel S. Goldman,CHX,Democrat,House,NY,2023-2-28,2023-6-28
Daniel S. Goldman,CLF,Democrat,House,NY,2023-4-9,2023-6-28
Daniel S. Goldman,CME,Democrat,House,NY,2023-1-30,2023-2-9
Daniel S. Goldman,CNC,Democrat,House,NY,2023-1-30,2023-7-11
Daniel S. Goldman,COF,Democrat,House,NY,2023-1-30,2023-4-9
Daniel S. Goldman,CVS,Democrat,House,NY,2023-1-30,2023-4-9
Daniel S. Goldman,DAL,Democrat,House,NY,2023-1-30,2023-3-5
Daniel S. Goldman,DAR,Democrat,House,NY,2023-3-6,2023-7-13
Daniel S. Goldman,DEO,Democrat,House,NY,2023-1-12,2023-7-9
Daniel S. Goldman,DG,Democrat,House,NY,2023-1-30,2023-7-11
Daniel S. Goldman,DLTR,Democrat,House,NY,2023-1-30,2023-7-11
Daniel S. Goldman,ENPH,Democrat,House,NY,2023-3-5,2023-4-9
Daniel S. Goldman,EPAM,Democrat,House,NY,2023-4-9,2023-7-11
Daniel S. Goldman,EQR,Democrat,House,NY,2023-1-30,2023-7-11
Daniel S. Goldman,ERIC,Democrat,House,NY,2023-2-26,2023-7-9
Daniel S. Goldman,ES,Democrat,House,NY,2023-3-5,2023-7-11
Daniel S. Goldman,EWBC,Democrat,House,NY,2023-1-30,2023-4-9
Daniel S. Goldman,EXC,Democrat,House,NY,2023-3-5,2023-7-11
Daniel S. Goldman,F,Democrat,House,NY,2023-1-30,2023-7-13
Daniel S. Goldman,FIS,Democrat,House,NY,2023-4-9,2023-7-11
Daniel S. Goldman,FITB,Democrat,House,NY,2023-1-30,2023-4-9
Daniel S. Goldman,FLO,Democrat,House,NY,2023-3-5,2023-4-9
Daniel S. Goldman,FNF,Democrat,House,NY,2023-3-5,2023-7-11
Daniel S. Goldman,GILD,Democrat,House,NY,2023-3-5,2023-7-11
Daniel S. Goldman,GM,Democrat,House,NY,2023-1-30,2023-4-9
Daniel S. Goldman,GRFS,Democrat,House,NY,2023-2-26,2023-3-30
Daniel S. Goldman,HAL,Democrat,House,NY,2023-2-28,2023-6-28
Daniel S. Goldman,HLN,Democrat,House,NY,2023-1-12,2023-7-9
Daniel S. Goldman,HPQ,Democrat,House,NY,2023-1-30,2023-3-5
Daniel S. Goldman,HRL,Democrat,House,NY,2023-3-5,2023-4-9
Daniel S. Goldman,HSBC,Democrat,House,NY,2023-2-26,2023-7-9
Daniel S. Goldman,IFF,Democrat,House,NY,2023-4-9,2023-7-11
Daniel S. Goldman,IHG,Democrat,House,NY,2023-2-26,2023-7-9
Daniel S. Goldman,ING,Democrat,House,NY,2023-3-30,2023-7-9
Daniel S. Goldman,INVH,Democrat,House,NY,2023-1-30,2023-7-11
Daniel S. Goldman,JAZZ,Democrat,House,NY,2023-3-5,2023-7-11
Daniel S. Goldman,JBGS,Democrat,House,NY,2023-3-5,2023-7-11
Daniel S. Goldman,JHX,Democrat,House,NY,2023-2-26,2023-7-9
Daniel S. Goldman,JNJ,Democrat,House,NY,2023-2-2,2023-7-13
Daniel S. Goldman,KDP,Democrat,House,NY,2023-1-30,2023-7-11
Daniel S. Goldman,KHC,Democrat,House,NY,2023-4-9,2023-7-11
Daniel S. Goldman,KO,Democrat,House,NY,2023-3-5,2023-7-13
Daniel S. Goldman,KR,Democrat,House,NY,2023-3-5,2023-7-11
Daniel S. Goldman,KRC,Democrat,House,NY,2023-3-5,2023-7-11
Daniel S. Goldman,LCID,Democrat,House,NY,2023-1-30,2023-6-28
Daniel S. Goldman,LHX,Democrat,House,NY,2023-1-30,2023-7-11
Daniel S. Goldman,LLY,Democrat,House,NY,2023-1-30,2023-2-2
Daniel S. Goldman,LMT,Democrat,House,NY,2023-1-30,2023-7-11
Daniel S. Goldman,LUMN,Democrat,House,NY,2023-4-9,2023-7-10
Daniel S. Goldman,LYG,Democrat,House,NY,2023-3-30,2023-7-9
Daniel S. Goldman,MDLZ,Democrat,House,NY,2023-1-30,2023-3-5
Daniel S. Goldman,MFG,Democrat,House,NY,2023-3-30,2023-7-9
Daniel S. Goldman,MKTX,Democrat,House,NY,2023-4-9,2023-7-11
Daniel S. Goldman,MMM,Democrat,House,NY,2023-3-5,2023-7-11
Daniel S. Goldman,MO,Democrat,House,NY,2023-1-30,2023-7-13
Daniel S. Goldman,MOH,Democrat,House,NY,2023-4-9,2023-7-11
Daniel S. Goldman,MOS,Democrat,House,NY,2023-2-28,2023-7-11
Daniel S. Goldman,MRK,Democrat,House,NY,2023-1-30,2023-7-13
Daniel S. Goldman,MRNA,Democrat,House,NY,2023-4-9,2023-7-11
Daniel S. Goldman,MTB,Democrat,House,NY,2023-1-30,2023-7-11
Daniel S. Goldman,NFG,Democrat,House,NY,2023-4-9,2023-6-28
Daniel S. Goldman,NGG,Democrat,House,NY,2023-2-26,2023-7-9
Daniel S. Goldman,NOC,Democrat,House,NY,2023-3-5,2023-7-18
Daniel S. Goldman,NOK,Democrat,House,NY,2023-2-26,2023-7-9
Daniel S. Goldman,NOV,Democrat,House,NY,2023-2-28,2023-4-9
Daniel S. Goldman,NTRA,Democrat,House,NY,2023-3-5,2023-4-9
Daniel S. Goldman,NVS,Democrat,House,NY,2023-3-30,2023-7-9
Daniel S. Goldman,NWG,Democrat,House,NY,2023-3-30,2023-7-9
Daniel S. Goldman,OGS,Democrat,House,NY,2023-4-9,2023-7-11
Daniel S. Goldman,OLPX,Democrat,House,NY,2023-4-9,2023-6-28
Daniel S. Goldman,PEG,Democrat,House,NY,2023-1-30,2023-3-5
Daniel S. Goldman,PFE,Democrat,House,NY,2023-3-5,2023-7-11
Daniel S. Goldman,PLUG,Democrat,House,NY,2023-1-30,2023-3-5
Daniel S. Goldman,PODD,Democrat,House,NY,2023-4-9,2023-7-11
Daniel S. Goldman,QS,Democrat,House,NY,2023-4-9,2023-6-28
Daniel S. Goldman,RELX,Democrat,House,NY,2023-2-26,2023-7-9
Daniel S. Goldman,RGA,Democrat,House,NY,2023-2-28,2023-4-9
Daniel S. Goldman,RIO,Democrat,House,NY,2023-2-26,2023-7-9
Daniel S. Goldman,RITM,Democrat,House,NY,2023-2-28,2023-4-9
Daniel S. Goldman,RIVN,Democrat,House,NY,2023-1-30,2023-3-5
Daniel S. Goldman,RJF,Democrat,House,NY,2023-1-30,2023-3-5
Daniel S. Goldman,RTO,Democrat,House,NY,2023-3-30,2023-7-9
Daniel S. Goldman,RTX,Democrat,House,NY,2023-3-5,2023-7-11
Daniel S. Goldman,SAN,Democrat,House,NY,2023-3-30,2023-7-9
Daniel S. Goldman,SBAC,Democrat,House,NY,2023-1-30,2023-7-11
Daniel S. Goldman,SBRA,Democrat,House,NY,2023-2-28,2023-4-9
Daniel S. Goldman,SCHW,Democrat,House,NY,2023-3-5,2023-7-11
Daniel S. Goldman,SE,Democrat,House,NY,2023-3-30,2023-7-9
Daniel S. Goldman,SLG,Democrat,House,NY,2023-2-28,2023-7-11
Daniel S. Goldman,SMFG,Democrat,House,NY,2023-3-30,2023-7-9
Daniel S. Goldman,SR,Democrat,House,NY,2023-1-30,2023-7-11
Daniel S. Goldman,SRPT,Democrat,House,NY,2023-3-5,2023-4-9
Daniel S. Goldman,STT,Democrat,House,NY,2023-3-5,2023-7-11
Daniel S. Goldman,SWX,Democrat,House,NY,2023-2-28,2023-4-9
Daniel S. Goldman,SYY,Democrat,House,NY,2023-1-30,2023-7-11
Daniel S. Goldman,TAK,Democrat,House,NY,2023-2-26,2023-7-9
Daniel S. Goldman,TAP,Democrat,House,NY,2023-2-28,2023-4-9
Daniel S. Goldman,TEAM,Democrat,House,NY,2023-1-30,2023-7-11
Daniel S. Goldman,TFX,Democrat,House,NY,2023-4-9,2023-7-11
Daniel S. Goldman,TMO,Democrat,House,NY,2023-3-5,2023-7-11
Daniel S. Goldman,TMUS,Democrat,House,NY,2023-6-8,2023-7-13
Daniel S. Goldman,TSN,Democrat,House,NY,2023-3-6,2023-7-13
Daniel S. Goldman,UAL,Democrat,House,NY,2023-1-30,2023-4-9
Daniel S. Goldman,UL,Democrat,House,NY,2023-1-12,2023-7-9
Daniel S. Goldman,UNM,Democrat,House,NY,2023-2-28,2023-4-9
Daniel S. Goldman,UPS,Democrat,House,NY,2023-3-5,2023-7-11
Daniel S. Goldman,URI,Democrat,House,NY,2023-1-30,2023-7-11
Daniel S. Goldman,USB,Democrat,House,NY,2023-1-30,2023-7-11
Daniel S. Goldman,VOD,Democrat,House,NY,2023-1-12,2023-7-9
Daniel S. Goldman,VTRS,Democrat,House,NY,2023-1-30,2023-4-9
Daniel S. Goldman,WPP,Democrat,House,NY,2023-3-30,2023-7-9
Daniel S. Goldman,X,Democrat,House,NY,2023-2-28,2023-4-9
Daniel S. Goldman,ZTS,Democrat,House,NY,2023-1-30,2023-7-13
David Kustoff,YOU,Republican,House,TN,2023-1-16,2023-11-5
Diana Harshbarger,ADBE,Republican,House,TN,2023-1-24,2023-2-9
Diana Harshbarger,META,Republican,House,TN,2023-1-24,2023-2-9
Doug Lamborn,NTAP,Republican,House,CO,2023-12-5,2024-7-23
Earl Blumenauer,CMCSA,Democrat,House,OR,2023-7-13,2024-11-20
Earl Blumenauer,PYPL,Democrat,House,OR,2023-2-6,2023-11-8
Earl Blumenauer,TGT,Democrat,House,OR,2024-9-25,2024-9-25
Gary Peters,IFF,Democrat,Senate,MI,2023-6-5,2024-5-13
Greg Landsman,AAPL,Democrat,House,OH,2023-6-5,2024-5-28
Greg Landsman,ADBE,Democrat,House,OH,2023-1-11,2024-8-13
Greg Landsman,ADI,Democrat,House,OH,2023-4-23,2023-5-29
Greg Landsman,AMP,Democrat,House,OH,2023-1-11,2023-4-23
Greg Landsman,AMZN,Democrat,House,OH,2024-4-11,2024-8-20
Greg Landsman,BLK,Democrat,House,OH,2023-1-11,2023-3-8
Greg Landsman,CDNS,Democrat,House,OH,2023-11-14,2024-4-11
Greg Landsman,CRM,Democrat,House,OH,2023-1-11,2023-10-17
Greg Landsman,FANG,Democrat,House,OH,2023-10-17,2024-9-9
Greg Landsman,GOOGL,Democrat,House,OH,2023-10-11,2024-5-28
Greg Landsman,ISRG,Democrat,House,OH,2023-1-31,2024-7-16
Greg Landsman,LLY,Democrat,House,OH,2023-1-17,2024-6-2
Greg Landsman,LNG,Democrat,House,OH,2023-9-18,2024-10-14
Greg Landsman,MSFT,Democrat,House,OH,2023-5-29,2024-5-28
Greg Landsman,NEE,Democrat,House,OH,2024-9-9,2024-10-14
Greg Landsman,NVDA,Democrat,House,OH,2023-1-11,2024-6-2
Greg Landsman,PH,Democrat,House,OH,2023-1-17,2023-5-3
Greg Landsman,REGN,Democrat,House,OH,2023-8-10,2024-10-14
Greg Landsman,UBER,Democrat,House,OH,2023-3-8,2024-5-14
Greg Landsman,ULTA,Democrat,House,OH,2024-5-28,2024-8-13
Greg Landsman,URI,Democrat,House,OH,2023-1-11,2024-6-19
Greg Stanton,AAPL,Democrat,House,AZ,2023-9-25,2023-10-23
Greg Stanton,ABBV,Democrat,House,AZ,2023-9-25,2023-10-23
Greg Stanton,ABT,Democrat,House,AZ,2023-9-25,2023-10-23
Greg Stanton,ACN,Democrat,House,AZ,2023-9-25,2023-10-23
Greg Stanton,ADBE,Democrat,House,AZ,2023-9-25,2023-10-23
Greg Stanton,ADI,Democrat,House,AZ,2023-9-25,2023-10-23
Greg Stanton,AMAT,Democrat,House,AZ,2023-9-25,2023-10-23
Greg Stanton,AMD,Democrat,House,AZ,2023-9-25,2023-10-23
Greg Stanton,AMGN,Democrat,House,AZ,2023-9-25,2023-10-23
Greg Stanton,AMZN,Democrat,House,AZ,2023-9-25,2023-10-23
Greg Stanton,AVGO,Democrat,House,AZ,2023-9-25,2023-10-23
Greg Stanton,AXON,Democrat,House,AZ,2023-9-25,2023-10-23
Greg Stanton,AXP,Democrat,House,AZ,2023-9-25,2023-10-23
Greg Stanton,BAC,Democrat,House,AZ,2023-9-25,2023-10-23
Greg Stanton,BALL,Democrat,House,AZ,2023-9-25,2023-10-23
Greg Stanton,BDX,Democrat,House,AZ,2023-9-25,2023-10-23
Greg Stanton,BLK,Democrat,House,AZ,2023-9-25,2023-10-23
Greg Stanton,BMY,Democrat,House,AZ,2023-9-25,2023-10-23
Greg Stanton,CAT,Democrat,House,AZ,2023-9-25,2023-10-23
Greg Stanton,CB,Democrat,House,AZ,2023-9-25,2023-10-23
Greg Stanton,CMCSA,Democrat,House,AZ,2023-9-25,2023-10-23
Greg Stanton,COP,Democrat,House,AZ,2023-9-25,2023-10-23
Greg Stanton,COST,Democrat,House,AZ,2023-9-25,2023-10-23
Greg Stanton,CRM,Democrat,House,AZ,2023-9-25,2023-10-23
Greg Stanton,CSCO,Democrat,House,AZ,2023-9-25,2023-10-23
Greg Stanton,CVX,Democrat,House,AZ,2023-9-25,2023-10-23
Greg Stanton,DE,Democrat,House,AZ,2023-9-25,2023-10-23
Greg Stanton,DHR,Democrat,House,AZ,2023-9-25,2023-10-23
Greg Stanton,DIS,Democrat,House,AZ,2023-9-25,2023-10-23
Greg Stanton,ELV,Democrat,House,AZ,2023-9-25,2023-10-23
Greg Stanton,GILD,Democrat,House,AZ,2023-9-25,2023-10-23
Greg Stanton,GOOGL,Democrat,House,AZ,2023-9-25,2023-10-23
Greg Stanton,GS,Democrat,House,AZ,2023-9-25,2023-10-23
Greg Stanton,HD,Democrat,House,AZ,2023-9-25,2023-10-23
Greg Stanton,IBM,Democrat,House,AZ,2023-9-25,2023-10-23
Greg Stanton,INTC,Democrat,House,AZ,2023-9-25,2023-10-23
Greg Stanton,INTU,Democrat,House,AZ,2023-9-25,2023-10-23
Greg Stanton,ISRG,Democrat,House,AZ,2023-9-25,2023-10-23
Greg Stanton,J,Democrat,House,AZ,2023-9-25,2023-10-23
Greg Stanton,JNJ,Democrat,House,AZ,2023-9-25,2023-10-23
Greg Stanton,JPM,Democrat,House,AZ,2023-9-25,2023-10-23
Greg Stanton,KO,Democrat,House,AZ,2023-9-25,2023-10-23
Greg Stanton,LIN,Democrat,House,AZ,2023-9-25,2023-10-23
Greg Stanton,LLY,Democrat,House,AZ,2023-9-25,2023-10-23
Greg Stanton,LOW,Democrat,House,AZ,2023-9-25,2023-10-23
Greg Stanton,LRCX,Democrat,House,AZ,2023-9-25,2023-10-23
Greg Stanton,MA,Democrat,House,AZ,2023-9-25,2023-10-23
Greg Stanton,MCD,Democrat,House,AZ,2023-9-25,2023-10-23
Greg Stanton,MDLZ,Democrat,House,AZ,2023-9-25,2023-10-23
Greg Stanton,MDT,Democrat,House,AZ,2023-9-25,2023-10-23
Greg Stanton,META,Democrat,House,AZ,2023-9-25,2023-10-23
Greg Stanton,MMC,Democrat,House,AZ,2023-9-25,2023-10-23
Greg Stanton,MRK,Democrat,House,AZ,2023-9-25,2023-10-23
Greg Stanton,MS,Democrat,House,AZ,2023-9-25,2023-10-23
Greg Stanton,MSFT,Democrat,House,AZ,2023-9-25,2023-10-23
Greg Stanton,NEE,Democrat,House,AZ,2023-9-25,2023-10-23
Greg Stanton,NFLX,Democrat,House,AZ,2023-9-25,2023-10-23
Greg Stanton,NKE,Democrat,House,AZ,2023-9-25,2023-10-23
Greg Stanton,NOW,Democrat,House,AZ,2023-9-25,2023-10-23
Greg Stanton,NVDA,Democrat,House,AZ,2023-9-25,2023-10-23
Greg Stanton,ORCL,Democrat,House,AZ,2023-9-25,2023-10-23
Greg Stanton,PEP,Democrat,House,AZ,2023-9-25,2023-10-23
Greg Stanton,PFE,Democrat,House,AZ,2023-9-25,2023-10-23
Greg Stanton,PG,Democrat,House,AZ,2023-9-25,2023-10-23
Greg Stanton,PGR,Democrat,House,AZ,2023-9-25,2023-10-23
Greg Stanton,PH,Democrat,House,AZ,2023-9-25,2023-10-23
Greg Stanton,PLD,Democrat,House,AZ,2023-9-25,2023-10-23
Greg Stanton,PM,Democrat,House,AZ,2023-9-25,2023-10-23
Greg Stanton,QCOM,Democrat,House,AZ,2023-9-25,2023-10-23
Greg Stanton,SBUX,Democrat,House,AZ,2023-9-25,2023-10-23
Greg Stanton,SPGI,Democrat,House,AZ,2023-9-25,2023-10-23
Greg Stanton,SYK,Democrat,House,AZ,2023-9-25,2023-10-23
Greg Stanton,T,Democrat,House,AZ,2023-9-25,2023-10-23
Greg Stanton,TDY,Democrat,House,AZ,2023-9-25,2023-10-23
Greg Stanton,TJX,Democrat,House,AZ,2023-9-25,2023-10-23
Greg Stanton,TMO,Democrat,House,AZ,2023-9-25,2023-10-23
Greg Stanton,TMUS,Democrat,House,AZ,2023-9-25,2023-10-23
Greg Stanton,TSLA,Democrat,House,AZ,2023-9-25,2023-10-23
Greg Stanton,TXN,Democrat,House,AZ,2023-9-25,2023-10-23
Greg Stanton,UNH,Democrat,House,AZ,2023-9-25,2023-10-23
Greg Stanton,UNP,Democrat,House,AZ,2023-9-25,2023-10-23
Greg Stanton,UPS,Democrat,House,AZ,2023-9-25,2023-10-23
Greg Stanton,V,Democrat,House,AZ,2023-9-25,2023-10-23
Greg Stanton,VRTX,Democrat,House,AZ,2023-9-25,2023-10-23
Greg Stanton,WFC,Democrat,House,AZ,2023-9-25,2023-10-23
Greg Stanton,WMT,Democrat,House,AZ,2023-9-25,2023-10-23
Greg Stanton,XOM,Democrat,House,AZ,2023-9-25,2023-10-23
Greg Stanton,ZTS,Democrat,House,AZ,2023-9-25,2023-10-23
Greg Steube,SNV,Republican,House,FL,2023-2-16,2024-3-27
Jared Moskowitz,AOS,Democrat,House,FL,2023-7-13,2024-11-7
Jared Moskowitz,CVX,Democrat,House,FL,2023-7-13,2024-11-7
Jared Moskowitz,DG,Democrat,House,FL,2023-2-20,2023-7-13
Jared Moskowitz,HRL,Democrat,House,FL,2023-2-20,2023-12-27
Jared Moskowitz,LOW,Democrat,House,FL,2023-7-13,2024-7-4
Jared Moskowitz,MA,Democrat,House,FL,2023-7-13,2024-7-4
Jared Moskowitz,MDLZ,Democrat,House,FL,2024-1-31,2024-7-4
Jared Moskowitz,MDT,Democrat,House,FL,2023-7-13,2023-12-27
Jared Moskowitz,NEE,Democrat,House,FL,2023-2-23,2024-2-12
Jared Moskowitz,NKE,Democrat,House,FL,2023-8-31,2024-1-31
Jared Moskowitz,PEG,Democrat,House,FL,2023-2-23,2023-4-13
Jared Moskowitz,PNC,Democrat,House,FL,2023-2-20,2024-7-4
Jared Moskowitz,SNA,Democrat,House,FL,2024-1-31,2024-7-4
Jared Moskowitz,SO,Democrat,House,FL,2023-7-13,2024-2-12
Jared Moskowitz,TGT,Democrat,House,FL,2023-7-13,2023-9-26
Jared Moskowitz,WEC,Democrat,House,FL,2023-7-13,2024-7-4
Jared Moskowitz,WM,Democrat,House,FL,2024-7-4,2024-7-4
Jared Moskowitz,WST,Democrat,House,FL,2023-12-27,2024-11-7
Jared Moskowitz,XOM,Democrat,House,FL,2023-7-13,2024-11-7
Jared Moskowitz,ZTS,Democrat,House,FL,2023-12-27,2024-7-4
John Boozman,AES,Republican,Senate,AR,2023-3-9,2023-10-4
John Boozman,AMAT,Republican,Senate,AR,2024-3-27,2024-12-22
John Boozman,SWKS,Republican,Senate,AR,2023-6-28,2024-11-19
John Curtis,ABT,Republican,House,UT,2023-9-12,2023-12-3
John Curtis,CSX,Republican,House,UT,2023-4-25,2023-12-3
John Curtis,ELV,Republican,House,UT,2023-4-25,2023-12-3
John Curtis,EMR,Republican,House,UT,2023-9-12,2023-12-3
John Curtis,EW,Republican,House,UT,2023-4-25,2023-12-3
John Curtis,KO,Republican,House,UT,2023-6-20,2023-12-3
John Curtis,LLY,Republican,House,UT,2023-9-12,2023-12-3
John Curtis,PANW,Republican,House,UT,2023-9-12,2023-12-3
John Curtis,SHW,Republican,House,UT,2023-6-20,2023-12-3
John Curtis,TMUS,Republican,House,UT,2023-6-20,2023-12-3
John Curtis,VLO,Republican,House,UT,2023-6-20,2023-12-3
John Fetterman,ADSK,Democrat,Senate,PA,2023-11-19,2024-10-16
John Fetterman,CNXC,Democrat,Senate,PA,2023-8-31,2024-7-18
John Fetterman,DUK,Democrat,Senate,PA,2023-5-3,2023-11-26
John Fetterman,FHN,Democrat,Senate,PA,2023-11-19,2024-10-14
John Fetterman,GE,Democrat,Senate,PA,2023-5-10,2023-9-14
John Fetterman,KD,Democrat,Senate,PA,2023-5-3,2024-10-24
John Hickenlooper,BATRA,Democrat,Senate,CO,2024-8-27,2024-8-29
John Hickenlooper,FWONK,Democrat,Senate,CO,2023-3-7,2024-6-2
John James,AAPL,Republican,House,MI,2023-11-9,2024-9-3
John James,ABBV,Republican,House,MI,2023-11-9,2024-9-3
John James,ABT,Republican,House,MI,2023-11-9,2024-9-3
John James,ACN,Republican,House,MI,2023-11-9,2024-9-3
John James,ADI,Republican,House,MI,2023-11-9,2024-9-3
John James,ADP,Republican,House,MI,2023-11-9,2024-9-3
John James,AEP,Republican,House,MI,2023-11-9,2024-9-3
John James,AMAT,Republican,House,MI,2023-11-9,2024-9-3
John James,AMD,Republican,House,MI,2023-11-9,2024-9-3
John James,AMZN,Republican,House,MI,2023-11-9,2024-9-3
John James,APD,Republican,House,MI,2024-5-28,2024-9-3
John James,APTV,Republican,House,MI,2023-11-9,2024-9-3
John James,AVGO,Republican,House,MI,2023-11-9,2024-9-3
John James,AVTR,Republican,House,MI,2023-11-9,2024-9-3
John James,AXP,Republican,House,MI,2023-11-9,2024-6-2
John James,AXTA,Republican,House,MI,2023-11-9,2024-5-5
John James,BAC,Republican,House,MI,2023-11-9,2024-9-3
John James,BDX,Republican,House,MI,2023-11-9,2024-9-3
John James,BLK,Republican,House,MI,2023-11-9,2024-9-3
John James,BMY,Republican,House,MI,2023-11-9,2024-1-17
John James,BP,Republican,House,MI,2023-11-15,2024-9-3
John James,CAH,Republican,House,MI,2024-5-1,2024-9-3
John James,CAT,Republican,House,MI,2023-11-9,2024-2-4
John James,CB,Republican,House,MI,2023-11-9,2024-9-3
John James,CCI,Republican,House,MI,2024-5-1,2024-9-3
John James,CIEN,Republican,House,MI,2023-11-9,2024-9-3
John James,CMCSA,Republican,House,MI,2023-11-9,2024-9-3
John James,CME,Republican,House,MI,2023-11-9,2024-9-3
John James,CMI,Republican,House,MI,2023-11-9,2024-9-3
John James,COP,Republican,House,MI,2023-11-9,2024-9-3
John James,CSCO,Republican,House,MI,2023-11-9,2024-9-3
John James,CTSH,Republican,House,MI,2023-11-9,2024-9-3
John James,CTVA,Republican,House,MI,2023-11-9,2024-9-3
John James,CVX,Republican,House,MI,2023-11-9,2024-9-3
John James,DEO,Republican,House,MI,2024-3-4,2024-9-3
John James,DFS,Republican,House,MI,2024-7-17,2024-9-3
John James,DG,Republican,House,MI,2023-11-9,2024-6-2
John James,DLTR,Republican,House,MI,2023-11-9,2024-9-3
John James,EA,Republican,House,MI,2024-2-22,2024-9-3
John James,ELV,Republican,House,MI,2023-11-15,2024-9-3
John James,EOG,Republican,House,MI,2023-11-9,2024-9-3
John James,ETR,Republican,House,MI,2023-11-9,2024-9-3
John James,FNF,Republican,House,MI,2024-5-14,2024-9-3
John James,FOXA,Republican,House,MI,2023-11-9,2023-12-21
John James,FTV,Republican,House,MI,2023-11-9,2024-9-3
John James,GOOGL,Republican,House,MI,2023-11-9,2024-9-3
John James,HD,Republican,House,MI,2023-11-9,2024-9-3
John James,HON,Republican,House,MI,2023-11-9,2024-9-3
John James,HUM,Republican,House,MI,2023-11-9,2024-9-3
John James,IBM,Republican,House,MI,2023-11-9,2024-9-3
John James,ICE,Republican,House,MI,2023-11-9,2024-9-3
John James,ICLR,Republican,House,MI,2024-6-11,2024-9-3
John James,ITW,Republican,House,MI,2023-11-9,2024-9-3
John James,JNJ,Republican,House,MI,2023-11-9,2024-9-3
John James,JPM,Republican,House,MI,2023-11-9,2024-9-3
John James,KLAC,Republican,House,MI,2023-11-9,2024-9-3
John James,KO,Republican,House,MI,2023-11-9,2024-9-3
John James,LH,Republican,House,MI,2023-11-9,2024-3-5
John James,LIN,Republican,House,MI,2023-11-9,2024-9-3
John James,LMT,Republican,House,MI,2023-11-9,2024-9-3
John James,LPLA,Republican,House,MI,2023-11-9,2024-7-17
John James,LRCX,Republican,House,MI,2023-11-9,2024-9-3
John James,MCD,Republican,House,MI,2023-11-9,2024-9-3
John James,MCHP,Republican,House,MI,2023-11-9,2024-9-3
John James,MDLZ,Republican,House,MI,2023-11-9,2024-9-3
John James,MDT,Republican,House,MI,2023-11-9,2024-9-3
John James,META,Republican,House,MI,2023-11-9,2024-9-3
John James,MMC,Republican,House,MI,2023-11-9,2024-9-3
John James,MNST,Republican,House,MI,2023-11-9,2024-6-2
John James,MRK,Republican,House,MI,2023-11-9,2024-9-3
John James,MRVL,Republican,House,MI,2023-11-9,2024-9-3
John James,MS,Republican,House,MI,2023-11-9,2024-9-3
John James,MSFT,Republican,House,MI,2023-11-9,2024-9-3
John James,MU,Republican,House,MI,2023-11-9,2024-9-3
John James,NOC,Republican,House,MI,2023-11-9,2024-9-3
John James,NVDA,Republican,House,MI,2024-2-8,2024-9-3
John James,NVO,Republican,House,MI,2023-11-9,2024-9-3
John James,OTIS,Republican,House,MI,2023-11-9,2024-9-3
John James,PEP,Republican,House,MI,2023-11-9,2024-9-3
John James,PG,Republican,House,MI,2023-11-9,2024-9-3
John James,PGR,Republican,House,MI,2023-11-9,2024-5-1
John James,PH,Republican,House,MI,2023-11-9,2024-9-3
John James,PM,Republican,House,MI,2023-11-9,2024-4-8
John James,PNC,Republican,House,MI,2023-11-9,2024-9-3
John James,PPG,Republican,House,MI,2023-11-9,2024-9-3
John James,RGA,Republican,House,MI,2023-11-9,2024-9-3
John James,ROST,Republican,House,MI,2023-11-9,2024-8-27
John James,SHEL,Republican,House,MI,2023-11-9,2024-9-3
John James,SKX,Republican,House,MI,2023-11-9,2024-9-3
John James,SNY,Republican,House,MI,2023-11-9,2024-9-3
John James,SO,Republican,House,MI,2023-11-9,2024-9-3
John James,SONY,Republican,House,MI,2023-11-9,2024-9-3
John James,T,Republican,House,MI,2023-11-9,2024-9-3
John James,THC,Republican,House,MI,2023-11-9,2024-9-3
John James,TJX,Republican,House,MI,2024-4-24,2024-9-3
John James,TMO,Republican,House,MI,2024-3-5,2024-9-3
John James,TT,Republican,House,MI,2023-11-9,2024-9-3
John James,TXN,Republican,House,MI,2023-11-9,2024-9-3
John James,UBER,Republican,House,MI,2024-8-27,2024-9-3
John James,UL,Republican,House,MI,2023-11-9,2024-5-5
John James,UNH,Republican,House,MI,2023-11-9,2024-9-3
John James,UNP,Republican,House,MI,2023-11-9,2024-9-3
John James,UPS,Republican,House,MI,2023-11-9,2024-8-27
John James,V,Republican,House,MI,2023-11-9,2024-9-3
John James,VEEV,Republican,House,MI,2023-11-9,2024-7-15
John James,VLO,Republican,House,MI,2023-11-9,2024-9-3
John James,VOYA,Republican,House,MI,2023-11-9,2024-7-4
John James,WAB,Republican,House,MI,2024-2-13,2024-9-3
John James,WFC,Republican,House,MI,2023-11-9,2024-9-3
John James,WM,Republican,House,MI,2023-11-9,2024-9-3
John James,WMT,Republican,House,MI,2023-11-9,2024-9-3
John James,XOM,Republican,House,MI,2023-11-9,2024-9-3
John James,ZBRA,Republican,House,MI,2023-11-9,2024-9-3
Jonathan Jackson,ACI,Democrat,House,IL,2023-12-13,2024-7-2
Jonathan Jackson,AES,Democrat,House,IL,2024-7-8,2024-9-18
Jonathan Jackson,AMAT,Democrat,House,IL,2024-3-12,2024-11-26
Jonathan Jackson,BHF,Democrat,House,IL,2023-2-27,2023-4-13
Jonathan Jackson,BP,Democrat,House,IL,2023-5-11,2024-1-7
Jonathan Jackson,CHX,Democrat,House,IL,2023-9-18,2023-11-15
Jonathan Jackson,COP,Democrat,House,IL,2024-4-1,2024-7-4
Jonathan Jackson,CRM,Democrat,House,IL,2023-6-8,2024-7-8
Jonathan Jackson,DE,Democrat,House,IL,2023-1-16,2023-6-22
Jonathan Jackson,EL,Democrat,House,IL,2023-5-1,2023-6-6
Jonathan Jackson,GD,Democrat,House,IL,2024-9-23,2024-12-15
Jonathan Jackson,HON,Democrat,House,IL,2023-4-30,2023-11-15
Jonathan Jackson,HXL,Democrat,House,IL,2024-2-15,2024-4-23
Jonathan Jackson,INTC,Democrat,House,IL,2024-1-7,2024-3-12
Jonathan Jackson,LRCX,Democrat,House,IL,2024-1-18,2024-8-25
Jonathan Jackson,LULU,Democrat,House,IL,2023-10-29,2024-4-1
Jonathan Jackson,REGN,Democrat,House,IL,2023-6-22,2024-11-12
Jonathan Jackson,TECK,Democrat,House,IL,2024-7-8,2024-7-22
Jonathan Jackson,TIMB,Democrat,House,IL,2023-8-30,2024-12-8
Jonathan Jackson,W,Democrat,House,IL,2023-12-14,2024-1-16
Josh Gottheimer,AAPL,Democrat,House,NJ,2023-1-10,2024-6-20
Josh Gottheimer,ABBV,Democrat,House,NJ,2023-3-5,2023-7-26
Josh Gottheimer,ADBE,Democrat,House,NJ,2023-1-30,2024-6-12
Josh Gottheimer,ADP,Democrat,House,NJ,2023-1-10,2023-2-2
Josh Gottheimer,ALGM,Democrat,House,NJ,2023-1-22,2024-9-15
Josh Gottheimer,ALGN,Democrat,House,NJ,2023-1-26,2024-5-19
Josh Gottheimer,ALGT,Democrat,House,NJ,2023-10-15,2024-6-17
Josh Gottheimer,ALNY,Democrat,House,NJ,2024-1-10,2024-1-28
Josh Gottheimer,AMD,Democrat,House,NJ,2023-2-12,2024-8-5
Josh Gottheimer,AMGN,Democrat,House,NJ,2023-4-11,2023-4-30
Josh Gottheimer,ANET,Democrat,House,NJ,2023-10-15,2024-7-28
Josh Gottheimer,APD,Democrat,House,NJ,2024-1-17,2024-8-29
Josh Gottheimer,APPF,Democrat,House,NJ,2023-2-22,2024-6-20
Josh Gottheimer,ARQT,Democrat,House,NJ,2023-4-16,2023-9-14
Josh Gottheimer,AVGO,Democrat,House,NJ,2023-4-30,2024-9-8
Josh Gottheimer,AZTA,Democrat,House,NJ,2023-7-13,2023-9-14
Josh Gottheimer,BABA,Democrat,House,NJ,2024-10-15,2024-12-15
Josh Gottheimer,BAP,Democrat,House,NJ,2023-6-13,2023-12-10
Josh Gottheimer,BKNG,Democrat,House,NJ,2024-2-7,2024-8-1
Josh Gottheimer,BNTX,Democrat,House,NJ,2023-12-4,2024-9-2
Josh Gottheimer,BX,Democrat,House,NJ,2023-1-26,2024-5-19
Josh Gottheimer,CBZ,Democrat,House,NJ,2023-2-22,2024-3-6
Josh Gottheimer,CCI,Democrat,House,NJ,2023-10-15,2024-6-20
Josh Gottheimer,CDRE,Democrat,House,NJ,2024-12-5,2024-12-26
Josh Gottheimer,CELH,Democrat,House,NJ,2023-11-1,2024-9-15
Josh Gottheimer,CHRD,Democrat,House,NJ,2024-1-23,2024-9-15
Josh Gottheimer,COF,Democrat,House,NJ,2023-1-26,2023-5-1
Josh Gottheimer,COP,Democrat,House,NJ,2023-1-10,2024-11-21
Josh Gottheimer,CRM,Democrat,House,NJ,2023-1-12,2024-7-21
Josh Gottheimer,DAVA,Democrat,House,NJ,2023-10-15,2024-6-17
Josh Gottheimer,DE,Democrat,House,NJ,2023-1-10,2024-6-27
Josh Gottheimer,DHI,Democrat,House,NJ,2023-12-10,2024-6-17
Josh Gottheimer,ETN,Democrat,House,NJ,2023-8-24,2024-9-15
Josh Gottheimer,ETSY,Democrat,House,NJ,2023-1-10,2023-5-7
Josh Gottheimer,EXAS,Democrat,House,NJ,2023-1-19,2024-5-9
Josh Gottheimer,FCX,Democrat,House,NJ,2023-1-10,2024-9-23
Josh Gottheimer,FIS,Democrat,House,NJ,2023-1-10,2024-6-20
Josh Gottheimer,FOXF,Democrat,House,NJ,2023-10-15,2024-3-13
Josh Gottheimer,FSLR,Democrat,House,NJ,2023-10-15,2024-1-31
Josh Gottheimer,GMAB,Democrat,House,NJ,2023-10-15,2024-6-17
Josh Gottheimer,GOOGL,Democrat,House,NJ,2023-1-19,2024-9-15
Josh Gottheimer,GTLS,Democrat,House,NJ,2023-7-13,2023-12-10
Josh Gottheimer,GWW,Democrat,House,NJ,2023-10-29,2024-12-11
Josh Gottheimer,HDB,Democrat,House,NJ,2023-10-26,2024-6-20
Josh Gottheimer,HELE,Democrat,House,NJ,2024-1-10,2024-7-11
Josh Gottheimer,HLN,Democrat,House,NJ,2023-3-30,2024-6-20
Josh Gottheimer,HUBS,Democrat,House,NJ,2023-1-26,2024-6-30
Josh Gottheimer,IART,Democrat,House,NJ,2023-10-15,2024-6-17
Josh Gottheimer,IBM,Democrat,House,NJ,2023-1-10,2023-1-30
Josh Gottheimer,INTU,Democrat,House,NJ,2023-2-26,2024-6-30
Josh Gottheimer,ISRG,Democrat,House,NJ,2023-4-30,2024-12-22
Josh Gottheimer,JBL,Democrat,House,NJ,2023-10-8,2024-8-1
Josh Gottheimer,KO,Democrat,House,NJ,2024-8-1,2024-12-15
Josh Gottheimer,LLY,Democrat,House,NJ,2023-1-10,2024-6-30
Josh Gottheimer,LRCX,Democrat,House,NJ,2023-2-13,2024-9-22
Josh Gottheimer,MA,Democrat,House,NJ,2023-1-11,2024-6-30
Josh Gottheimer,MDB,Democrat,House,NJ,2023-2-12,2024-2-7
Josh Gottheimer,MELI,Democrat,House,NJ,2023-1-16,2024-6-20
Josh Gottheimer,META,Democrat,House,NJ,2023-1-26,2024-9-24
Josh Gottheimer,MFC,Democrat,House,NJ,2023-5-14,2024-6-20
Josh Gottheimer,MNST,Democrat,House,NJ,2023-1-10,2024-5-19
Josh Gottheimer,MRNA,Democrat,House,NJ,2023-3-30,2024-1-31
Josh Gottheimer,MS,Democrat,House,NJ,2023-3-5,2024-1-31
Josh Gottheimer,MSFT,Democrat,House,NJ,2023-1-3,2024-9-11
Josh Gottheimer,NFLX,Democrat,House,NJ,2023-1-10,2024-6-30
Josh Gottheimer,NOC,Democrat,House,NJ,2023-12-28,2024-6-17
Josh Gottheimer,NSC,Democrat,House,NJ,2023-8-23,2024-8-29
Josh Gottheimer,NVDA,Democrat,House,NJ,2023-2-20,2024-2-7
Josh Gottheimer,OCFC,Democrat,House,NJ,2024-1-10,2024-3-13
Josh Gottheimer,ON,Democrat,House,NJ,2023-10-15,2024-1-24
Josh Gottheimer,ORCL,Democrat,House,NJ,2023-1-10,2024-8-1
Josh Gottheimer,PANW,Democrat,House,NJ,2023-11-27,2024-2-20
Josh Gottheimer,PYCR,Democrat,House,NJ,2024-1-10,2024-6-13
Josh Gottheimer,PYPL,Democrat,House,NJ,2023-2-2,2023-5-11
Josh Gottheimer,REGN,Democrat,House,NJ,2023-7-10,2024-6-30
Josh Gottheimer,ROK,Democrat,House,NJ,2023-1-11,2023-6-21
Josh Gottheimer,SAP,Democrat,House,NJ,2023-7-18,2024-9-5
Josh Gottheimer,SBUX,Democrat,House,NJ,2023-10-15,2024-6-17
Josh Gottheimer,SCHW,Democrat,House,NJ,2023-1-17,2024-6-20
Josh Gottheimer,SHLS,Democrat,House,NJ,2023-10-15,2024-6-17
Josh Gottheimer,SHOP,Democrat,House,NJ,2023-1-16,2024-7-31
Josh Gottheimer,SNAP,Democrat,House,NJ,2023-1-30,2023-4-25
Josh Gottheimer,SONY,Democrat,House,NJ,2023-12-5,2024-6-17
Josh Gottheimer,SRPT,Democrat,House,NJ,2023-3-5,2023-6-12
Josh Gottheimer,SWTX,Democrat,House,NJ,2024-5-8,2024-6-17
Josh Gottheimer,TDG,Democrat,House,NJ,2023-5-15,2024-3-12
Josh Gottheimer,TSLA,Democrat,House,NJ,2023-1-26,2024-8-27
Josh Gottheimer,TSM,Democrat,House,NJ,2023-3-8,2024-9-22
Josh Gottheimer,TTD,Democrat,House,NJ,2023-2-20,2024-1-31
Josh Gottheimer,TXN,Democrat,House,NJ,2023-7-16,2024-8-29
Josh Gottheimer,UBER,Democrat,House,NJ,2023-2-12,2024-7-31
Josh Gottheimer,USPH,Democrat,House,NJ,2023-5-23,2024-9-15
Josh Gottheimer,VBTX,Democrat,House,NJ,2023-4-16,2023-9-17
Josh Gottheimer,VIAV,Democrat,House,NJ,2023-10-15,2024-6-17
Josh Gottheimer,WDAY,Democrat,House,NJ,2023-1-22,2024-4-28
Kathy Manning,AAPL,Democrat,House,NC,2023-4-27,2024-1-22
Kathy Manning,ABT,Democrat,House,NC,2023-4-27,2024-1-22
Kathy Manning,ACN,Democrat,House,NC,2023-4-27,2024-7-1
Kathy Manning,AON,Democrat,House,NC,2023-4-27,2024-7-1
Kathy Manning,CB,Democrat,House,NC,2024-1-22,2024-7-1
Kathy Manning,CFG,Democrat,House,NC,2023-4-27,2023-12-11
Kathy Manning,CME,Democrat,House,NC,2024-1-22,2024-7-1
Kathy Manning,INTU,Democrat,House,NC,2023-4-27,2024-7-1
Kathy Manning,LMT,Democrat,House,NC,2024-1-22,2024-7-1
Kathy Manning,LRCX,Democrat,House,NC,2023-4-27,2024-1-22
Kathy Manning,MDT,Democrat,House,NC,2023-4-27,2024-7-1
Kathy Manning,NKE,Democrat,House,NC,2024-1-22,2024-7-1
Kathy Manning,NVDA,Democrat,House,NC,2023-4-27,2024-7-1
Kathy Manning,PFE,Democrat,House,NC,2023-4-27,2024-8-8
Kathy Manning,PKG,Democrat,House,NC,2023-4-27,2024-1-22
Kathy Manning,PYPL,Democrat,House,NC,2023-4-27,2023-12-11
Kathy Manning,QCOM,Democrat,House,NC,2023-4-27,2024-1-22
Kathy Manning,WMT,Democrat,House,NC,2024-1-22,2024-7-1
Kevin Hern,AGCO,Republican,House,OK,2024-6-19,2024-12-30
Kevin Hern,DVN,Republican,House,OK,2023-12-28,2024-12-30
Kevin Hern,INTC,Republican,House,OK,2023-2-28,2024-12-30
Kevin Hern,JNJ,Republican,House,OK,2023-12-4,2024-12-30
Kevin Hern,JPM,Republican,House,OK,2023-1-30,2023-1-30
Lois Frankel,ABBV,Democrat,House,FL,2023-8-29,2023-9-7
Lois Frankel,ACN,Democrat,House,FL,2023-1-10,2023-9-7
Lois Frankel,ADSK,Democrat,House,FL,2023-1-30,2023-9-7
Lois Frankel,ARE,Democrat,House,FL,2023-5-15,2023-9-7
Lois Frankel,AXP,Democrat,House,FL,2023-3-28,2023-9-7
Lois Frankel,BIO,Democrat,House,FL,2023-6-27,2023-9-7
Lois Frankel,BSX,Democrat,House,FL,2023-5-29,2023-9-7
Lois Frankel,CI,Democrat,House,FL,2023-4-4,2023-9-7
Lois Frankel,COP,Democrat,House,FL,2023-3-21,2023-9-7
Lois Frankel,CRL,Democrat,House,FL,2023-4-24,2023-9-7
Lois Frankel,DD,Democrat,House,FL,2023-6-27,2023-9-7
Lois Frankel,DEO,Democrat,House,FL,2023-1-3,2023-9-7
Lois Frankel,DUK,Democrat,House,FL,2023-7-12,2023-9-7
Lois Frankel,ES,Democrat,House,FL,2023-6-1,2023-9-7
Lois Frankel,GD,Democrat,House,FL,2023-5-23,2023-9-7
Lois Frankel,IFF,Democrat,House,FL,2023-2-16,2023-8-8
Lois Frankel,JCI,Democrat,House,FL,2023-1-10,2023-9-5
Lois Frankel,JNJ,Democrat,House,FL,2023-2-7,2023-9-7
Lois Frankel,JPM,Democrat,House,FL,2023-3-1,2023-9-7
Lois Frankel,KVUE,Democrat,House,FL,2023-8-1,2023-9-7
Lois Frankel,LAMR,Democrat,House,FL,2023-2-16,2023-9-7
Lois Frankel,LKQ,Democrat,House,FL,2023-7-13,2023-9-7
Lois Frankel,LNT,Democrat,House,FL,2023-1-30,2023-9-7
Lois Frankel,NSA,Democrat,House,FL,2023-5-15,2023-9-7
Lois Frankel,NSC,Democrat,House,FL,2023-6-27,2023-9-7
Lois Frankel,PCAR,Democrat,House,FL,2023-9-5,2023-9-7
Lois Frankel,PFE,Democrat,House,FL,2023-1-31,2023-9-7
Lois Frankel,PLD,Democrat,House,FL,2023-5-2,2023-9-7
Lois Frankel,PNC,Democrat,House,FL,2023-4-18,2023-9-7
Lois Frankel,SHW,Democrat,House,FL,2023-1-10,2023-9-7
Lois Frankel,TEL,Democrat,House,FL,2023-2-22,2023-9-7
Lois Frankel,TGT,Democrat,House,FL,2023-6-13,2023-9-7
Lois Frankel,WRB,Democrat,House,FL,2023-4-30,2023-9-7
Maria Elvira Salazar,CIVI,Republican,House,FL,2023-3-12,2024-4-7
Maria Elvira Salazar,NFE,Republican,House,FL,2023-10-23,2024-4-30
Mark Green,NGL,Republican,House,TN,2023-3-23,2024-9-29
Markwayne Mullin,ABT,Republican,Senate,OK,2023-10-2,2024-12-10
Markwayne Mullin,AXON,Republican,Senate,OK,2024-1-3,2024-12-17
Markwayne Mullin,BMI,Republican,Senate,OK,2024-1-3,2024-12-17
Markwayne Mullin,CMCSA,Republican,Senate,OK,2023-10-2,2024-6-11
Markwayne Mullin,CYBR,Republican,Senate,OK,2024-1-3,2024-12-17
Markwayne Mullin,ELF,Republican,Senate,OK,2024-1-3,2024-12-17
Markwayne Mullin,ETN,Republican,Senate,OK,2024-1-3,2024-12-17
Markwayne Mullin,EW,Republican,Senate,OK,2023-10-2,2024-8-19
Markwayne Mullin,FRPT,Republican,Senate,OK,2024-1-3,2024-12-17
Markwayne Mullin,GS,Republican,Senate,OK,2023-10-2,2024-12-17
Markwayne Mullin,LRN,Republican,Senate,OK,2024-7-29,2024-12-17
Markwayne Mullin,NKE,Republican,Senate,OK,2023-10-2,2024-6-11
Markwayne Mullin,OLLI,Republican,Senate,OK,2024-1-3,2024-12-17
Markwayne Mullin,PEP,Republican,Senate,OK,2023-10-2,2024-12-10
Markwayne Mullin,SBUX,Republican,Senate,OK,2023-10-2,2024-8-19
Markwayne Mullin,SFM,Republican,Senate,OK,2024-1-3,2024-12-17
Markwayne Mullin,ZTS,Republican,Senate,OK,2023-10-2,2024-4-2
Michael Burgess,AAP,Republican,House,TX,2023-2-23,2023-2-23
Michael Burgess,ABBV,Republican,House,TX,2023-7-5,2024-4-9
Michael Burgess,AMD,Republican,House,TX,2023-8-8,2024-1-1
Michael Burgess,AMGN,Republican,House,TX,2023-4-4,2024-1-1
Michael Burgess,AMZN,Republican,House,TX,2023-7-5,2023-8-13
Michael Burgess,BBY,Republican,House,TX,2023-8-21,2024-2-25
Michael Burgess,BX,Republican,House,TX,2023-12-7,2024-1-11
Michael Burgess,CC,Republican,House,TX,2023-7-5,2023-7-5
Michael Burgess,CI,Republican,House,TX,2023-2-23,2023-7-20
Michael Burgess,CME,Republican,House,TX,2023-8-8,2023-12-5
Michael Burgess,GOOGL,Republican,House,TX,2023-7-5,2023-8-13
Michael Burgess,ILMN,Republican,House,TX,2024-1-1,2024-9-2
Michael Burgess,MSFT,Republican,House,TX,2023-2-23,2023-9-14
Michael Burgess,PANW,Republican,House,TX,2023-12-7,2024-2-8
Michael Burgess,PSX,Republican,House,TX,2023-4-4,2023-7-20
Michael Burgess,RY,Republican,House,TX,2023-8-8,2024-7-24
Michael Burgess,SYK,Republican,House,TX,2023-2-23,2023-3-16
Michael Burgess,UPS,Republican,House,TX,2023-12-13,2024-7-21
Michael Burgess,VLO,Republican,House,TX,2023-12-7,2024-1-11
Michael Burgess,XOM,Republican,House,TX,2024-1-1,2024-3-10
Michael McCaul,AA,Republican,House,TX,2024-4-18,2024-8-25
Michael McCaul,AAPL,Republican,House,TX,2024-5-16,2024-8-7
Michael McCaul,ABT,Republican,House,TX,2024-11-3,2024-11-18
Michael McCaul,ACN,Republican,House,TX,2023-2-5,2024-5-12
Michael McCaul,ADBE,Republican,House,TX,2023-3-26,2024-8-25
Michael McCaul,ADP,Republican,House,TX,2023-3-26,2024-5-9
Michael McCaul,ADSK,Republican,House,TX,2023-1-16,2024-8-25
Michael McCaul,AER,Republican,House,TX,2023-9-19,2024-8-25
Michael McCaul,AIG,Republican,House,TX,2024-8-18,2024-9-18
Michael McCaul,AIT,Republican,House,TX,2023-10-31,2024-8-26
Michael McCaul,ALL,Republican,House,TX,2023-8-7,2024-11-19
Michael McCaul,ALLY,Republican,House,TX,2024-4-2,2024-4-2
Michael McCaul,AMD,Republican,House,TX,2024-1-25,2024-8-25
Michael McCaul,AMZN,Republican,House,TX,2023-1-31,2024-8-27
Michael McCaul,ANET,Republican,House,TX,2023-10-31,2024-8-25
Michael McCaul,AON,Republican,House,TX,2024-1-17,2024-8-25
Michael McCaul,ARW,Republican,House,TX,2023-10-31,2024-8-25
Michael McCaul,ATKR,Republican,House,TX,2024-3-14,2024-8-25
Michael McCaul,ATR,Republican,House,TX,2023-10-31,2024-8-25
Michael McCaul,BECN,Republican,House,TX,2023-10-31,2024-8-4
Michael McCaul,BJ,Republican,House,TX,2023-10-31,2024-9-5
Michael McCaul,BSX,Republican,House,TX,2023-10-17,2024-4-23
Michael McCaul,CDNS,Republican,House,TX,2024-10-29,2024-11-18
Michael McCaul,CHTR,Republican,House,TX,2023-11-19,2024-8-8
Michael McCaul,CMCSA,Republican,House,TX,2024-2-20,2024-8-7
Michael McCaul,CMG,Republican,House,TX,2023-10-17,2024-5-9
Michael McCaul,CNM,Republican,House,TX,2023-10-31,2024-8-25
Michael McCaul,COF,Republican,House,TX,2024-1-21,2024-8-25
Michael McCaul,COP,Republican,House,TX,2023-10-9,2024-8-25
Michael McCaul,CSL,Republican,House,TX,2023-10-31,2024-8-27
Michael McCaul,CTS,Republican,House,TX,2023-10-31,2024-8-27
Michael McCaul,CVS,Republican,House,TX,2023-1-4,2024-8-18
Michael McCaul,CVX,Republican,House,TX,2023-11-15,2024-8-18
Michael McCaul,DCI,Republican,House,TX,2023-10-31,2024-8-25
Michael McCaul,DFS,Republican,House,TX,2024-3-17,2024-8-25
Michael McCaul,DLTR,Republican,House,TX,2024-8-1,2024-8-1
Michael McCaul,DOW,Republican,House,TX,2023-7-26,2024-8-18
Michael McCaul,ELV,Republican,House,TX,2023-10-12,2024-8-25
Michael McCaul,ENTG,Republican,House,TX,2023-2-9,2024-8-8
Michael McCaul,EPAM,Republican,House,TX,2023-2-9,2024-5-16
Michael McCaul,EQH,Republican,House,TX,2023-4-13,2024-5-19
Michael McCaul,FBIN,Republican,House,TX,2023-1-12,2024-8-27
Michael McCaul,FCFS,Republican,House,TX,2023-10-31,2024-8-25
Michael McCaul,FDX,Republican,House,TX,2023-2-2,2024-11-19
Michael McCaul,FI,Republican,House,TX,2023-7-27,2024-8-25
Michael McCaul,FIS,Republican,House,TX,2023-1-4,2024-8-15
Michael McCaul,FN,Republican,House,TX,2023-10-31,2024-8-26
Michael McCaul,FTNT,Republican,House,TX,2023-8-22,2024-8-25
Michael McCaul,GE,Republican,House,TX,2023-1-19,2024-4-8
Michael McCaul,GEV,Republican,House,TX,2024-4-15,2024-9-24
Michael McCaul,GOOGL,Republican,House,TX,2023-10-30,2024-9-15
Michael McCaul,GTES,Republican,House,TX,2023-10-31,2024-8-25
Michael McCaul,HLI,Republican,House,TX,2023-10-31,2024-8-25
Michael McCaul,HSIC,Republican,House,TX,2023-10-31,2024-8-25
Michael McCaul,HUM,Republican,House,TX,2024-2-20,2024-8-25
Michael McCaul,IBM,Republican,House,TX,2023-3-14,2024-3-4
Michael McCaul,INTC,Republican,House,TX,2023-1-4,2024-8-18
Michael McCaul,INTU,Republican,House,TX,2023-3-26,2024-8-25
Michael McCaul,IPG,Republican,House,TX,2023-10-31,2024-8-25
Michael McCaul,ITT,Republican,House,TX,2023-10-31,2024-5-15
Michael McCaul,JPM,Republican,House,TX,2023-10-18,2024-3-6
Michael McCaul,KHC,Republican,House,TX,2024-4-2,2024-7-1
Michael McCaul,LCII,Republican,House,TX,2023-10-31,2023-11-14
Michael McCaul,LPLA,Republican,House,TX,2024-8-11,2024-8-11
Michael McCaul,META,Republican,House,TX,2024-2-29,2024-8-25
Michael McCaul,MNST,Republican,House,TX,2023-11-6,2024-8-8
Michael McCaul,MRK,Republican,House,TX,2024-8-8,2024-8-8
Michael McCaul,MSFT,Republican,House,TX,2024-2-20,2024-8-25
Michael McCaul,MUR,Republican,House,TX,2024-6-4,2024-11-19
Michael McCaul,NBIX,Republican,House,TX,2023-8-13,2024-8-25
Michael McCaul,NFG,Republican,House,TX,2023-5-22,2024-11-19
Michael McCaul,NSIT,Republican,House,TX,2023-10-31,2024-8-25
Michael McCaul,NVDA,Republican,House,TX,2023-5-29,2024-8-25
Michael McCaul,NVT,Republican,House,TX,2023-10-31,2024-8-25
Michael McCaul,OMF,Republican,House,TX,2024-4-30,2024-8-25
Michael McCaul,OSK,Republican,House,TX,2023-11-15,2024-6-20
Michael McCaul,OXY,Republican,House,TX,2023-10-11,2024-8-25
Michael McCaul,PAYC,Republican,House,TX,2023-8-13,2024-5-5
Michael McCaul,PLXS,Republican,House,TX,2023-10-31,2024-8-24
Michael McCaul,PRI,Republican,House,TX,2023-10-31,2024-8-25
Michael McCaul,PYPL,Republican,House,TX,2023-2-13,2023-8-30
Michael McCaul,RHI,Republican,House,TX,2023-10-31,2024-8-25
Michael McCaul,SAP,Republican,House,TX,2023-10-11,2024-8-25
Michael McCaul,SCHW,Republican,House,TX,2023-4-20,2024-8-8
Michael McCaul,SEDG,Republican,House,TX,2023-1-4,2023-8-7
Michael McCaul,SF,Republican,House,TX,2023-9-5,2024-8-5
Michael McCaul,SHEL,Republican,House,TX,2023-10-11,2024-8-25
Michael McCaul,SKX,Republican,House,TX,2023-10-31,2024-8-25
Michael McCaul,SNPS,Republican,House,TX,2024-8-22,2024-11-18
Michael McCaul,SSD,Republican,House,TX,2023-10-31,2024-8-25
Michael McCaul,ST,Republican,House,TX,2023-8-15,2024-7-1
Michael McCaul,SUI,Republican,House,TX,2023-10-30,2024-9-29
Michael McCaul,T,Republican,House,TX,2023-10-24,2024-11-19
Michael McCaul,TKR,Republican,House,TX,2023-10-31,2024-8-25
Michael McCaul,TMO,Republican,House,TX,2023-5-1,2024-2-8
Michael McCaul,TPR,Republican,House,TX,2023-8-14,2024-8-18
Michael McCaul,TRS,Republican,House,TX,2023-10-31,2024-8-27
Michael McCaul,TSM,Republican,House,TX,2023-10-11,2024-8-25
Michael McCaul,TSN,Republican,House,TX,2023-2-28,2024-11-19
Michael McCaul,UBER,Republican,House,TX,2024-1-11,2024-8-25
Michael McCaul,UNH,Republican,House,TX,2024-2-20,2024-8-26
Michael McCaul,VSH,Republican,House,TX,2024-5-12,2024-8-19
Michael McCaul,VVV,Republican,House,TX,2023-10-31,2024-8-27
Michael McCaul,WFC,Republican,House,TX,2024-4-2,2024-8-25
Michael McCaul,WTM,Republican,House,TX,2023-10-31,2024-8-25
Michael McCaul,WWD,Republican,House,TX,2024-4-29,2024-8-25
Michael McCaul,ZION,Republican,House,TX,2023-1-31,2024-8-25
Morgan McGarvey,AAPL,Democrat,House,KY,2024-8-12,2024-8-18
Morgan McGarvey,AMZN,Democrat,House,KY,2023-2-6,2024-11-12
Morgan McGarvey,DAL,Democrat,House,KY,2024-6-27,2024-7-22
Morgan McGarvey,IBKR,Democrat,House,KY,2024-6-5,2024-11-12
Morgan McGarvey,NVDA,Democrat,House,KY,2023-3-6,2024-11-12
Morgan McGarvey,SCHW,Democrat,House,KY,2023-10-4,2024-11-12
Morgan McGarvey,TSLA,Democrat,House,KY,2024-10-24,2024-11-12
Nancy Pelosi,AAPL,Democrat,House,CA,2023-3-16,2024-12-30
Nancy Pelosi,MSFT,Democrat,House,CA,2023-6-14,2024-7-25
Nancy Pelosi,NVDA,Democrat,House,CA,2023-11-21,2024-12-30
Neal Dunn,JPM,Republican,House,FL,2023-5-4,2024-4-23
Pete Sessions,ARCC,Republican,House,TX,2023-10-5,2023-10-31
Pete Sessions,MSFT,Republican,House,TX,2023-9-19,2023-10-31
Pete Sessions,NVDA,Republican,House,TX,2023-12-5,2024-5-20
Rick Allen,SCHW,Republican,House,GA,2023-10-9,2024-9-11
Rick Larsen,ELV,Democrat,House,WA,2023-1-5,2023-7-4
Ro Khanna,AAL,Democrat,House,CA,2023-11-2,2024-7-1
Ro Khanna,AAP,Democrat,House,CA,2023-3-13,2023-6-28
Ro Khanna,AAPL,Democrat,House,CA,2023-1-10,2024-6-6
Ro Khanna,ABBV,Democrat,House,CA,2023-10-1,2024-5-28
Ro Khanna,ABNB,Democrat,House,CA,2023-10-1,2024-9-8
Ro Khanna,ABT,Democrat,House,CA,2023-10-1,2024-7-1
Ro Khanna,ACGL,Democrat,House,CA,2024-1-9,2024-8-4
Ro Khanna,ACN,Democrat,House,CA,2023-1-8,2024-9-8
Ro Khanna,ADBE,Democrat,House,CA,2023-1-10,2024-8-4
Ro Khanna,ADI,Democrat,House,CA,2023-1-8,2024-8-4
Ro Khanna,ADM,Democrat,House,CA,2023-1-8,2024-9-8
Ro Khanna,ADP,Democrat,House,CA,2023-3-13,2024-8-1
Ro Khanna,ADSK,Democrat,House,CA,2023-10-9,2024-9-8
Ro Khanna,AEE,Democrat,House,CA,2024-6-19,2024-8-19
Ro Khanna,AES,Democrat,House,CA,2024-8-1,2024-9-8
Ro Khanna,AFL,Democrat,House,CA,2023-10-9,2024-1-9
Ro Khanna,AIG,Democrat,House,CA,2023-1-10,2024-9-8
Ro Khanna,AIZ,Democrat,House,CA,2023-9-5,2024-10-10
Ro Khanna,AJG,Democrat,House,CA,2023-10-15,2024-1-9
Ro Khanna,AKAM,Democrat,House,CA,2024-8-1,2024-11-14
Ro Khanna,AL,Democrat,House,CA,2023-4-19,2024-4-15
Ro Khanna,ALB,Democrat,House,CA,2023-1-8,2024-9-8
Ro Khanna,ALGN,Democrat,House,CA,2023-10-1,2024-8-4
Ro Khanna,ALK,Democrat,House,CA,2023-10-30,2024-11-14
Ro Khanna,ALL,Democrat,House,CA,2023-2-12,2024-9-8
Ro Khanna,ALLE,Democrat,House,CA,2023-5-22,2023-10-1
Ro Khanna,AMAT,Democrat,House,CA,2023-1-8,2024-8-1
Ro Khanna,AMCR,Democrat,House,CA,2023-10-30,2024-11-11
Ro Khanna,AMD,Democrat,House,CA,2023-1-8,2024-9-8
Ro Khanna,AME,Democrat,House,CA,2023-10-9,2024-8-4
Ro Khanna,AMED,Democrat,House,CA,2023-1-10,2023-3-23
Ro Khanna,AMGN,Democrat,House,CA,2023-1-8,2024-8-1
Ro Khanna,AMP,Democrat,House,CA,2023-10-1,2024-10-13
Ro Khanna,AMT,Democrat,House,CA,2023-1-10,2024-4-22
Ro Khanna,AMZN,Democrat,House,CA,2023-1-10,2024-8-1
Ro Khanna,AN,Democrat,House,CA,2023-4-19,2023-6-27
Ro Khanna,ANET,Democrat,House,CA,2023-8-2,2024-7-22
Ro Khanna,ANSS,Democrat,House,CA,2023-10-1,2024-8-4
Ro Khanna,AON,Democrat,House,CA,2023-10-30,2024-5-28
Ro Khanna,APD,Democrat,House,CA,2023-11-2,2024-7-1
Ro Khanna,APH,Democrat,House,CA,2023-10-1,2024-11-11
Ro Khanna,APTV,Democrat,House,CA,2023-2-2,2024-6-30
Ro Khanna,ARE,Democrat,House,CA,2023-1-8,2024-8-4
Ro Khanna,AVB,Democrat,House,CA,2023-3-13,2024-4-25
Ro Khanna,AVGO,Democrat,House,CA,2023-10-30,2024-9-8
Ro Khanna,AVTR,Democrat,House,CA,2023-2-5,2024-9-9
Ro Khanna,AXP,Democrat,House,CA,2023-10-9,2024-4-15
Ro Khanna,BAC,Democrat,House,CA,2023-1-10,2024-9-8
Ro Khanna,BALL,Democrat,House,CA,2024-5-27,2024-8-1
Ro Khanna,BAX,Democrat,House,CA,2023-1-10,2024-8-1
Ro Khanna,BBWI,Democrat,House,CA,2023-11-2,2024-9-8
Ro Khanna,BBY,Democrat,House,CA,2023-11-2,2024-5-27
Ro Khanna,BDX,Democrat,House,CA,2023-10-1,2024-9-8
Ro Khanna,BEN,Democrat,House,CA,2023-10-1,2024-8-4
Ro Khanna,BG,Democrat,House,CA,2023-5-22,2024-2-12
Ro Khanna,BIIB,Democrat,House,CA,2023-10-1,2024-9-8
Ro Khanna,BK,Democrat,House,CA,2023-4-30,2024-4-15
Ro Khanna,BKNG,Democrat,House,CA,2023-1-8,2024-9-8
Ro Khanna,BLK,Democrat,House,CA,2023-10-1,2024-9-8
Ro Khanna,BMO,Democrat,House,CA,2023-4-19,2023-6-27
Ro Khanna,BMY,Democrat,House,CA,2023-10-9,2024-5-28
Ro Khanna,BNS,Democrat,House,CA,2023-4-16,2024-4-15
Ro Khanna,BP,Democrat,House,CA,2023-10-12,2024-3-7
Ro Khanna,BR,Democrat,House,CA,2023-10-30,2024-2-12
Ro Khanna,BRO,Democrat,House,CA,2023-9-5,2023-10-30
Ro Khanna,BWA,Democrat,House,CA,2023-11-2,2024-8-1
Ro Khanna,BX,Democrat,House,CA,2023-10-1,2024-11-11
Ro Khanna,BXP,Democrat,House,CA,2023-1-8,2024-8-1
Ro Khanna,CAH,Democrat,House,CA,2023-6-28,2024-2-12
Ro Khanna,CARR,Democrat,House,CA,2023-10-1,2024-4-22
Ro Khanna,CAT,Democrat,House,CA,2023-2-2,2024-7-1
Ro Khanna,CB,Democrat,House,CA,2023-10-1,2024-10-13
Ro Khanna,CBRE,Democrat,House,CA,2023-11-2,2024-11-14
Ro Khanna,CCI,Democrat,House,CA,2023-1-10,2024-5-28
Ro Khanna,CCK,Democrat,House,CA,2023-3-23,2024-2-12
Ro Khanna,CCL,Democrat,House,CA,2023-4-24,2024-8-4
Ro Khanna,CDNS,Democrat,House,CA,2023-1-19,2024-9-8
Ro Khanna,CDW,Democrat,House,CA,2023-5-22,2024-5-28
Ro Khanna,CE,Democrat,House,CA,2023-3-23,2024-9-8
Ro Khanna,CF,Democrat,House,CA,2023-5-18,2024-8-1
Ro Khanna,CFG,Democrat,House,CA,2023-10-15,2024-11-14
Ro Khanna,CHD,Democrat,House,CA,2023-2-9,2024-8-1
Ro Khanna,CHE,Democrat,House,CA,2023-1-10,2024-2-12
Ro Khanna,CHRW,Democrat,House,CA,2023-10-1,2023-11-2
Ro Khanna,CHTR,Democrat,House,CA,2023-1-8,2024-9-8
Ro Khanna,CI,Democrat,House,CA,2023-1-8,2024-8-1
Ro Khanna,CINF,Democrat,House,CA,2023-3-13,2024-8-1
Ro Khanna,CL,Democrat,House,CA,2023-10-1,2024-11-11
Ro Khanna,CLX,Democrat,House,CA,2023-11-2,2024-4-22
Ro Khanna,CM,Democrat,House,CA,2023-4-18,2023-6-27
Ro Khanna,CMA,Democrat,House,CA,2023-11-2,2024-8-1
Ro Khanna,CMCSA,Democrat,House,CA,2023-11-2,2024-9-8
Ro Khanna,CME,Democrat,House,CA,2023-1-10,2024-8-1
Ro Khanna,CMG,Democrat,House,CA,2023-10-1,2024-9-8
Ro Khanna,CMI,Democrat,House,CA,2024-6-19,2024-8-19
Ro Khanna,CMS,Democrat,House,CA,2023-4-24,2023-5-30
Ro Khanna,CNC,Democrat,House,CA,2023-1-8,2024-9-8
Ro Khanna,CNP,Democrat,House,CA,2023-4-19,2023-6-27
Ro Khanna,COF,Democrat,House,CA,2023-10-1,2024-8-1
Ro Khanna,COO,Democrat,House,CA,2023-10-1,2024-10-13
Ro Khanna,COR,Democrat,House,CA,2023-1-10,2024-10-10
Ro Khanna,COST,Democrat,House,CA,2023-1-10,2024-4-22
Ro Khanna,CPB,Democrat,House,CA,2023-6-28,2023-10-1
Ro Khanna,CPRT,Democrat,House,CA,2023-10-9,2024-9-8
Ro Khanna,CRH,Democrat,House,CA,2023-2-9,2024-3-7
Ro Khanna,CRI,Democrat,House,CA,2023-3-29,2024-9-2
Ro Khanna,CRL,Democrat,House,CA,2023-10-1,2024-8-1
Ro Khanna,CRM,Democrat,House,CA,2023-1-10,2024-9-8
Ro Khanna,CSCO,Democrat,House,CA,2023-11-2,2024-9-8
Ro Khanna,CSGP,Democrat,House,CA,2023-10-9,2024-9-8
Ro Khanna,CSX,Democrat,House,CA,2023-10-1,2024-11-11
Ro Khanna,CTAS,Democrat,House,CA,2023-10-1,2024-9-8
Ro Khanna,CTSH,Democrat,House,CA,2023-3-13,2024-8-1
Ro Khanna,CTVA,Democrat,House,CA,2023-10-1,2024-8-1
Ro Khanna,CUZ,Democrat,House,CA,2023-3-13,2023-5-18
Ro Khanna,CVS,Democrat,House,CA,2023-10-1,2024-9-8
Ro Khanna,CZR,Democrat,House,CA,2023-1-8,2024-4-22
Ro Khanna,DAL,Democrat,House,CA,2023-10-30,2024-9-8
Ro Khanna,DD,Democrat,House,CA,2023-11-2,2024-2-12
Ro Khanna,DDOG,Democrat,House,CA,2023-1-8,2023-4-9
Ro Khanna,DE,Democrat,House,CA,2023-10-1,2024-8-1
Ro Khanna,DEI,Democrat,House,CA,2023-3-13,2023-6-28
Ro Khanna,DELL,Democrat,House,CA,2024-6-19,2024-11-20
Ro Khanna,DFS,Democrat,House,CA,2023-10-1,2024-2-25
Ro Khanna,DG,Democrat,House,CA,2023-10-1,2024-9-8
Ro Khanna,DGX,Democrat,House,CA,2023-10-30,2024-2-12
Ro Khanna,DHI,Democrat,House,CA,2023-10-1,2024-7-1
Ro Khanna,DHR,Democrat,House,CA,2023-1-5,2024-9-8
Ro Khanna,DIS,Democrat,House,CA,2023-1-10,2024-9-8
Ro Khanna,DLR,Democrat,House,CA,2023-3-13,2024-9-8
Ro Khanna,DLTR,Democrat,House,CA,2023-10-9,2024-9-8
Ro Khanna,DOCU,Democrat,House,CA,2023-1-8,2023-3-13
Ro Khanna,DOV,Democrat,House,CA,2023-8-2,2023-10-30
Ro Khanna,DOW,Democrat,House,CA,2023-1-8,2024-9-8
Ro Khanna,DRI,Democrat,House,CA,2023-10-1,2024-8-1
Ro Khanna,DTE,Democrat,House,CA,2023-4-19,2024-9-8
Ro Khanna,DUK,Democrat,House,CA,2023-5-25,2024-4-15
Ro Khanna,DVA,Democrat,House,CA,2023-2-13,2023-6-28
Ro Khanna,DXC,Democrat,House,CA,2023-6-28,2023-9-5
Ro Khanna,DXCM,Democrat,House,CA,2023-10-1,2024-8-4
Ro Khanna,EA,Democrat,House,CA,2023-10-1,2024-4-22
Ro Khanna,EBAY,Democrat,House,CA,2023-3-13,2024-4-15
Ro Khanna,ECL,Democrat,House,CA,2023-3-13,2024-3-19
Ro Khanna,EFX,Democrat,House,CA,2023-10-9,2024-4-25
Ro Khanna,EL,Democrat,House,CA,2023-10-1,2024-8-1
Ro Khanna,ELAN,Democrat,House,CA,2023-1-4,2024-6-4
Ro Khanna,ELS,Democrat,House,CA,2023-3-23,2024-4-25
Ro Khanna,ELV,Democrat,House,CA,2023-10-30,2024-8-1
Ro Khanna,EMN,Democrat,House,CA,2023-1-8,2023-2-9
Ro Khanna,EMR,Democrat,House,CA,2023-10-30,2024-7-22
Ro Khanna,ENB,Democrat,House,CA,2023-4-24,2023-6-8
Ro Khanna,ENPH,Democrat,House,CA,2023-10-1,2024-8-1
Ro Khanna,EPAM,Democrat,House,CA,2023-1-8,2024-9-8
Ro Khanna,EQIX,Democrat,House,CA,2023-10-9,2024-9-8
Ro Khanna,EQR,Democrat,House,CA,2023-10-30,2024-5-28
Ro Khanna,ESS,Democrat,House,CA,2023-3-13,2024-4-25
Ro Khanna,ETN,Democrat,House,CA,2023-10-30,2024-11-11
Ro Khanna,ETSY,Democrat,House,CA,2023-11-2,2024-9-8
Ro Khanna,EW,Democrat,House,CA,2023-4-24,2024-8-4
Ro Khanna,EWBC,Democrat,House,CA,2023-3-13,2023-4-9
Ro Khanna,EXPD,Democrat,House,CA,2023-10-9,2024-11-14
Ro Khanna,EXPE,Democrat,House,CA,2023-11-2,2024-5-28
Ro Khanna,EXR,Democrat,House,CA,2023-10-18,2024-10-17
Ro Khanna,F,Democrat,House,CA,2023-1-19,2024-8-4
Ro Khanna,FAST,Democrat,House,CA,2023-10-30,2024-9-8
Ro Khanna,FCX,Democrat,House,CA,2023-1-8,2024-9-8
Ro Khanna,FDX,Democrat,House,CA,2023-1-8,2024-9-8
Ro Khanna,FE,Democrat,House,CA,2024-6-19,2024-8-19
Ro Khanna,FERG,Democrat,House,CA,2023-10-19,2024-5-2
Ro Khanna,FFIV,Democrat,House,CA,2023-5-22,2024-5-28
Ro Khanna,FI,Democrat,House,CA,2023-10-9,2024-5-28
Ro Khanna,FICO,Democrat,House,CA,2024-3-19,2024-4-22
Ro Khanna,FIS,Democrat,House,CA,2023-1-8,2024-11-11
Ro Khanna,FITB,Democrat,House,CA,2023-11-2,2024-6-30
Ro Khanna,FMC,Democrat,House,CA,2023-10-30,2024-9-8
Ro Khanna,FOXA,Democrat,House,CA,2023-11-9,2024-1-9
Ro Khanna,FSLR,Democrat,House,CA,2023-11-2,2024-9-8
Ro Khanna,FTNT,Democrat,House,CA,2023-1-8,2024-8-1
Ro Khanna,FTV,Democrat,House,CA,2023-10-9,2024-8-4
Ro Khanna,GE,Democrat,House,CA,2024-3-31,2024-4-4
Ro Khanna,GEHC,Democrat,House,CA,2023-1-10,2024-11-14
Ro Khanna,GEN,Democrat,House,CA,2023-3-13,2024-8-1
Ro Khanna,GEV,Democrat,House,CA,2024-4-22,2024-6-6
Ro Khanna,GEVO,Democrat,House,CA,2024-10-31,2024-10-31
Ro Khanna,GILD,Democrat,House,CA,2023-11-2,2024-4-25
Ro Khanna,GIS,Democrat,House,CA,2023-10-1,2024-8-1
Ro Khanna,GLW,Democrat,House,CA,2023-10-1,2024-7-8
Ro Khanna,GM,Democrat,House,CA,2023-1-10,2024-6-11
Ro Khanna,GNRC,Democrat,House,CA,2023-4-24,2024-6-30
Ro Khanna,GOOGL,Democrat,House,CA,2023-1-10,2024-9-8
Ro Khanna,GPC,Democrat,House,CA,2023-10-1,2024-9-8
Ro Khanna,GPK,Democrat,House,CA,2023-8-16,2024-9-24
Ro Khanna,GPN,Democrat,House,CA,2023-1-8,2024-8-1
Ro Khanna,GRMN,Democrat,House,CA,2023-11-2,2024-11-14
Ro Khanna,GTLB,Democrat,House,CA,2024-6-19,2024-7-22
Ro Khanna,GWW,Democrat,House,CA,2023-10-9,2024-11-14
Ro Khanna,HAS,Democrat,House,CA,2023-11-2,2024-6-30
Ro Khanna,HBAN,Democrat,House,CA,2023-11-2,2024-11-14
Ro Khanna,HCA,Democrat,House,CA,2023-1-10,2024-6-11
Ro Khanna,HD,Democrat,House,CA,2023-6-28,2024-7-9
Ro Khanna,HIG,Democrat,House,CA,2023-6-13,2023-10-9
Ro Khanna,HIW,Democrat,House,CA,2023-3-23,2023-11-2
Ro Khanna,HLT,Democrat,House,CA,2023-10-30,2024-11-11
Ro Khanna,HOLX,Democrat,House,CA,2023-10-30,2024-11-11
Ro Khanna,HON,Democrat,House,CA,2023-9-12,2024-8-5
Ro Khanna,HPE,Democrat,House,CA,2023-10-9,2024-8-4
Ro Khanna,HPQ,Democrat,House,CA,2023-10-30,2024-2-12
Ro Khanna,HRL,Democrat,House,CA,2023-2-13,2024-9-8
Ro Khanna,HSIC,Democrat,House,CA,2023-6-28,2024-9-8
Ro Khanna,HST,Democrat,House,CA,2023-11-2,2024-8-4
Ro Khanna,HSY,Democrat,House,CA,2023-6-25,2024-7-1
Ro Khanna,HUM,Democrat,House,CA,2023-1-10,2024-2-12
Ro Khanna,IBM,Democrat,House,CA,2023-10-1,2024-8-1
Ro Khanna,ICE,Democrat,House,CA,2023-10-1,2024-11-11
Ro Khanna,IDXX,Democrat,House,CA,2023-10-30,2024-7-1
Ro Khanna,IFF,Democrat,House,CA,2023-10-1,2024-2-20
Ro Khanna,ILMN,Democrat,House,CA,2023-10-1,2024-7-1
Ro Khanna,INCY,Democrat,House,CA,2023-1-8,2024-9-8
Ro Khanna,ING,Democrat,House,CA,2023-10-12,2024-1-11
Ro Khanna,INTC,Democrat,House,CA,2023-1-10,2024-8-4
Ro Khanna,INTU,Democrat,House,CA,2023-1-8,2024-9-8
Ro Khanna,INVH,Democrat,House,CA,2023-10-30,2024-5-28
Ro Khanna,IP,Democrat,House,CA,2023-10-1,2024-8-1
Ro Khanna,IPG,Democrat,House,CA,2023-10-30,2024-11-11
Ro Khanna,IQV,Democrat,House,CA,2023-1-8,2024-7-1
Ro Khanna,ISRG,Democrat,House,CA,2023-10-1,2024-6-6
Ro Khanna,IT,Democrat,House,CA,2023-2-15,2023-8-2
Ro Khanna,ITW,Democrat,House,CA,2023-10-1,2024-4-25
Ro Khanna,IVZ,Democrat,House,CA,2023-11-2,2024-11-14
Ro Khanna,JAZZ,Democrat,House,CA,2023-3-13,2023-5-18
Ro Khanna,JBHT,Democrat,House,CA,2023-10-30,2024-4-22
Ro Khanna,JBL,Democrat,House,CA,2024-3-19,2024-7-1
Ro Khanna,JCI,Democrat,House,CA,2023-10-30,2024-11-14
Ro Khanna,JKHY,Democrat,House,CA,2024-10-13,2024-11-14
Ro Khanna,JNJ,Democrat,House,CA,2023-10-1,2024-8-22
Ro Khanna,JNPR,Democrat,House,CA,2024-1-9,2024-5-27
Ro Khanna,JPM,Democrat,House,CA,2023-1-8,2024-8-1
Ro Khanna,K,Democrat,House,CA,2023-3-23,2024-2-12
Ro Khanna,KDP,Democrat,House,CA,2023-10-1,2024-6-30
Ro Khanna,KEY,Democrat,House,CA,2023-10-30,2024-11-14
Ro Khanna,KEYS,Democrat,House,CA,2023-10-1,2024-7-1
Ro Khanna,KHC,Democrat,House,CA,2023-9-5,2024-5-28
Ro Khanna,KIM,Democrat,House,CA,2023-11-2,2024-4-25
Ro Khanna,KKR,Democrat,House,CA,2023-1-10,2024-5-5
Ro Khanna,KLAC,Democrat,House,CA,2023-1-8,2024-5-28
Ro Khanna,KMB,Democrat,House,CA,2023-10-9,2024-5-28
Ro Khanna,KMX,Democrat,House,CA,2023-10-19,2024-7-10
Ro Khanna,KO,Democrat,House,CA,2023-1-8,2024-2-12
Ro Khanna,KR,Democrat,House,CA,2023-2-9,2024-8-1
Ro Khanna,KRC,Democrat,House,CA,2023-1-8,2023-6-25
Ro Khanna,KVUE,Democrat,House,CA,2023-8-28,2024-8-4
Ro Khanna,L,Democrat,House,CA,2023-3-13,2024-8-1
Ro Khanna,LBRDA,Democrat,House,CA,2023-3-13,2023-4-9
Ro Khanna,LCID,Democrat,House,CA,2023-1-10,2023-4-24
Ro Khanna,LEA,Democrat,House,CA,2023-2-15,2024-10-8
Ro Khanna,LH,Democrat,House,CA,2023-1-10,2024-3-19
Ro Khanna,LII,Democrat,House,CA,2024-6-19,2024-10-22
Ro Khanna,LIN,Democrat,House,CA,2023-10-1,2024-9-17
Ro Khanna,LKQ,Democrat,House,CA,2023-11-2,2024-8-4
Ro Khanna,LLY,Democrat,House,CA,2023-10-1,2024-6-6
Ro Khanna,LNC,Democrat,House,CA,2023-2-13,2024-8-1
Ro Khanna,LOW,Democrat,House,CA,2023-10-9,2024-5-28
Ro Khanna,LRCX,Democrat,House,CA,2023-5-22,2024-8-4
Ro Khanna,LULU,Democrat,House,CA,2023-10-30,2024-9-8
Ro Khanna,LUMN,Democrat,House,CA,2023-4-16,2023-5-22
Ro Khanna,LUV,Democrat,House,CA,2023-10-30,2024-8-4
Ro Khanna,LVS,Democrat,House,CA,2024-2-12,2024-8-1
Ro Khanna,LW,Democrat,House,CA,2023-6-25,2024-8-1
Ro Khanna,LYB,Democrat,House,CA,2023-1-8,2024-8-4
Ro Khanna,LYV,Democrat,House,CA,2023-5-22,2024-6-30
Ro Khanna,MA,Democrat,House,CA,2023-3-13,2024-9-8
Ro Khanna,MAA,Democrat,House,CA,2023-11-2,2024-11-14
Ro Khanna,MAS,Democrat,House,CA,2023-10-9,2024-5-28
Ro Khanna,MCD,Democrat,House,CA,2023-1-10,2024-5-28
Ro Khanna,MCHP,Democrat,House,CA,2023-1-8,2024-8-1
Ro Khanna,MCK,Democrat,House,CA,2023-1-10,2024-7-1
Ro Khanna,MCO,Democrat,House,CA,2023-10-1,2024-11-14
Ro Khanna,MDLZ,Democrat,House,CA,2023-10-1,2024-8-1
Ro Khanna,MDT,Democrat,House,CA,2023-1-10,2024-4-25
Ro Khanna,MELI,Democrat,House,CA,2023-1-8,2024-2-12
Ro Khanna,MET,Democrat,House,CA,2023-10-30,2024-5-28
Ro Khanna,META,Democrat,House,CA,2023-2-13,2024-9-8
Ro Khanna,MGM,Democrat,House,CA,2023-11-2,2024-8-4
Ro Khanna,MHK,Democrat,House,CA,2023-11-2,2024-7-25
Ro Khanna,MKC,Democrat,House,CA,2023-2-13,2024-7-1
Ro Khanna,MKTX,Democrat,House,CA,2024-4-25,2024-7-1
Ro Khanna,MMC,Democrat,House,CA,2023-10-30,2024-4-24
Ro Khanna,MMM,Democrat,House,CA,2023-11-2,2024-2-12
Ro Khanna,MNST,Democrat,House,CA,2023-10-1,2024-9-8
Ro Khanna,MO,Democrat,House,CA,2023-10-1,2024-10-13
Ro Khanna,MODG,Democrat,House,CA,2023-10-1,2024-3-19
Ro Khanna,MOH,Democrat,House,CA,2023-1-10,2024-9-8
Ro Khanna,MOS,Democrat,House,CA,2023-3-13,2024-1-9
Ro Khanna,MPLX,Democrat,House,CA,2023-4-19,2023-6-27
Ro Khanna,MPWR,Democrat,House,CA,2023-1-8,2024-3-24
Ro Khanna,MRK,Democrat,House,CA,2023-1-10,2024-9-8
Ro Khanna,MRNA,Democrat,House,CA,2023-11-2,2024-9-8
Ro Khanna,MRVL,Democrat,House,CA,2023-1-4,2024-11-20
Ro Khanna,MS,Democrat,House,CA,2023-11-2,2024-8-4
Ro Khanna,MSCI,Democrat,House,CA,2023-1-8,2024-6-30
Ro Khanna,MSFT,Democrat,House,CA,2023-1-8,2024-9-8
Ro Khanna,MTB,Democrat,House,CA,2023-1-8,2024-4-25
Ro Khanna,MTCH,Democrat,House,CA,2023-4-24,2023-5-3
Ro Khanna,MTD,Democrat,House,CA,2023-1-8,2024-11-14
Ro Khanna,MU,Democrat,House,CA,2023-1-10,2024-9-8
Ro Khanna,MUFG,Democrat,House,CA,2023-7-4,2024-4-15
Ro Khanna,NCLH,Democrat,House,CA,2023-4-24,2024-5-28
Ro Khanna,NDAQ,Democrat,House,CA,2023-6-25,2024-7-1
Ro Khanna,NDSN,Democrat,House,CA,2023-8-2,2024-5-28
Ro Khanna,NEE,Democrat,House,CA,2023-3-2,2023-5-4
Ro Khanna,NEM,Democrat,House,CA,2023-10-1,2024-7-1
Ro Khanna,NFLX,Democrat,House,CA,2023-10-30,2024-4-15
Ro Khanna,NGG,Democrat,House,CA,2023-2-9,2024-2-8
Ro Khanna,NKE,Democrat,House,CA,2023-1-5,2024-9-8
Ro Khanna,NOW,Democrat,House,CA,2023-1-10,2024-5-27
Ro Khanna,NSC,Democrat,House,CA,2023-10-1,2024-6-30
Ro Khanna,NTAP,Democrat,House,CA,2023-10-30,2024-9-8
Ro Khanna,NTR,Democrat,House,CA,2023-6-21,2024-4-15
Ro Khanna,NTRS,Democrat,House,CA,2023-10-30,2024-11-14
Ro Khanna,NUE,Democrat,House,CA,2024-7-1,2024-8-4
Ro Khanna,NVDA,Democrat,House,CA,2023-1-8,2024-9-8
Ro Khanna,NVO,Democrat,House,CA,2023-2-9,2024-7-11
Ro Khanna,NVR,Democrat,House,CA,2023-9-12,2024-9-12
Ro Khanna,NXPI,Democrat,House,CA,2023-4-19,2024-9-8
Ro Khanna,ODFL,Democrat,House,CA,2023-10-9,2024-8-1
Ro Khanna,OLPX,Democrat,House,CA,2023-4-9,2023-5-18
Ro Khanna,OMC,Democrat,House,CA,2023-10-30,2024-11-11
Ro Khanna,ON,Democrat,House,CA,2024-1-9,2024-9-8
Ro Khanna,ORCL,Democrat,House,CA,2023-10-1,2024-9-8
Ro Khanna,ORLY,Democrat,House,CA,2023-10-9,2024-11-11
Ro Khanna,PANW,Democrat,House,CA,2023-11-2,2024-9-8
Ro Khanna,PARA,Democrat,House,CA,2023-11-2,2024-8-1
Ro Khanna,PAYC,Democrat,House,CA,2023-1-8,2024-8-1
Ro Khanna,PAYX,Democrat,House,CA,2023-10-1,2024-6-30
Ro Khanna,PCAR,Democrat,House,CA,2023-10-1,2024-9-8
Ro Khanna,PENN,Democrat,House,CA,2024-2-1,2024-6-20
Ro Khanna,PEP,Democrat,House,CA,2023-1-10,2024-9-8
Ro Khanna,PFE,Democrat,House,CA,2023-1-10,2024-4-25
Ro Khanna,PFG,Democrat,House,CA,2023-10-9,2024-8-4
Ro Khanna,PG,Democrat,House,CA,2023-2-2,2024-3-19
Ro Khanna,PGR,Democrat,House,CA,2023-6-25,2024-7-1
Ro Khanna,PH,Democrat,House,CA,2023-10-19,2024-8-1
Ro Khanna,PLD,Democrat,House,CA,2023-1-8,2024-4-25
Ro Khanna,PM,Democrat,House,CA,2023-10-1,2024-4-22
Ro Khanna,PNC,Democrat,House,CA,2023-3-23,2024-9-8
Ro Khanna,PODD,Democrat,House,CA,2023-10-30,2024-11-14
Ro Khanna,POOL,Democrat,House,CA,2023-11-2,2024-7-1
Ro Khanna,PPG,Democrat,House,CA,2023-1-8,2024-7-1
Ro Khanna,PRU,Democrat,House,CA,2023-10-30,2024-8-4
Ro Khanna,PTC,Democrat,House,CA,2024-8-1,2024-9-8
Ro Khanna,PYPL,Democrat,House,CA,2023-11-2,2024-7-1
Ro Khanna,QCOM,Democrat,House,CA,2023-10-1,2024-9-8
Ro Khanna,QRVO,Democrat,House,CA,2024-5-28,2024-11-14
Ro Khanna,RCL,Democrat,House,CA,2023-4-24,2024-2-12
Ro Khanna,REG,Democrat,House,CA,2024-4-25,2024-5-28
Ro Khanna,REGN,Democrat,House,CA,2023-11-2,2024-8-1
Ro Khanna,RF,Democrat,House,CA,2023-10-9,2024-2-6
Ro Khanna,RHI,Democrat,House,CA,2023-11-2,2024-4-25
Ro Khanna,RJF,Democrat,House,CA,2023-10-30,2024-5-28
Ro Khanna,RMD,Democrat,House,CA,2023-10-1,2024-11-11
Ro Khanna,ROK,Democrat,House,CA,2023-10-9,2024-8-4
Ro Khanna,ROL,Democrat,House,CA,2023-10-1,2024-10-13
Ro Khanna,ROP,Democrat,House,CA,2023-5-3,2024-8-1
Ro Khanna,ROST,Democrat,House,CA,2023-10-1,2024-6-6
Ro Khanna,RSG,Democrat,House,CA,2023-10-1,2024-5-28
Ro Khanna,RY,Democrat,House,CA,2023-4-16,2023-6-27
Ro Khanna,SBAC,Democrat,House,CA,2023-10-8,2024-8-4
Ro Khanna,SBUX,Democrat,House,CA,2023-10-16,2024-9-8
Ro Khanna,SCHW,Democrat,House,CA,2023-10-9,2024-8-4
Ro Khanna,SEDG,Democrat,House,CA,2023-5-22,2023-6-25
Ro Khanna,SEE,Democrat,House,CA,2023-11-2,2024-4-25
Ro Khanna,SHW,Democrat,House,CA,2023-1-10,2024-7-1
Ro Khanna,SJM,Democrat,House,CA,2023-10-30,2024-5-27
Ro Khanna,SLG,Democrat,House,CA,2023-3-13,2023-5-18
Ro Khanna,SMFG,Democrat,House,CA,2023-2-9,2023-10-12
Ro Khanna,SNA,Democrat,House,CA,2023-10-9,2024-2-12
Ro Khanna,SNPS,Democrat,House,CA,2024-1-9,2024-9-8
Ro Khanna,SNV,Democrat,House,CA,2023-3-13,2023-5-18
Ro Khanna,SNY,Democrat,House,CA,2023-10-12,2024-4-11
Ro Khanna,SO,Democrat,House,CA,2023-4-20,2023-6-27
Ro Khanna,SPG,Democrat,House,CA,2023-4-19,2024-8-1
Ro Khanna,SPGI,Democrat,House,CA,2023-5-22,2024-4-22
Ro Khanna,SRE,Democrat,House,CA,2023-4-20,2023-5-30
Ro Khanna,SSNC,Democrat,House,CA,2023-9-12,2024-11-25
Ro Khanna,ST,Democrat,House,CA,2023-1-2,2023-7-18
Ro Khanna,STE,Democrat,House,CA,2023-10-1,2024-4-25
Ro Khanna,STLD,Democrat,House,CA,2024-6-19,2024-8-4
Ro Khanna,STT,Democrat,House,CA,2023-10-9,2024-7-1
Ro Khanna,STZ,Democrat,House,CA,2023-2-9,2024-8-4
Ro Khanna,SWK,Democrat,House,CA,2023-4-24,2024-5-28
Ro Khanna,SWKS,Democrat,House,CA,2024-5-28,2024-11-14
Ro Khanna,SYK,Democrat,House,CA,2023-10-16,2024-9-12
Ro Khanna,SYY,Democrat,House,CA,2023-10-1,2024-7-1
Ro Khanna,T,Democrat,House,CA,2023-10-1,2024-10-13
Ro Khanna,TAP,Democrat,House,CA,2023-2-9,2024-8-4
Ro Khanna,TD,Democrat,House,CA,2023-4-16,2024-4-15
Ro Khanna,TDOC,Democrat,House,CA,2023-1-10,2023-6-25
Ro Khanna,TDY,Democrat,House,CA,2023-11-2,2024-11-14
Ro Khanna,TEAM,Democrat,House,CA,2023-1-8,2024-2-12
Ro Khanna,TECH,Democrat,House,CA,2023-10-1,2024-6-30
Ro Khanna,TEL,Democrat,House,CA,2023-10-1,2024-9-8
Ro Khanna,TER,Democrat,House,CA,2023-5-22,2024-8-4
Ro Khanna,TFX,Democrat,House,CA,2023-8-28,2024-11-14
Ro Khanna,TGT,Democrat,House,CA,2023-1-10,2024-11-14
Ro Khanna,TJX,Democrat,House,CA,2023-10-30,2024-1-9
Ro Khanna,TMO,Democrat,House,CA,2023-1-8,2024-9-8
Ro Khanna,TMUS,Democrat,House,CA,2023-10-1,2024-10-13
Ro Khanna,TPR,Democrat,House,CA,2023-11-2,2024-8-1
Ro Khanna,TRMB,Democrat,House,CA,2023-1-8,2023-3-13
Ro Khanna,TROW,Democrat,House,CA,2023-10-1,2024-9-8
Ro Khanna,TRU,Democrat,House,CA,2023-3-23,2023-11-2
Ro Khanna,TRV,Democrat,House,CA,2023-10-9,2024-5-28
Ro Khanna,TSCO,Democrat,House,CA,2023-10-30,2024-11-14
Ro Khanna,TSLA,Democrat,House,CA,2023-1-8,2024-8-1
Ro Khanna,TSM,Democrat,House,CA,2023-2-9,2024-3-7
Ro Khanna,TSN,Democrat,House,CA,2023-1-10,2023-5-22
Ro Khanna,TT,Democrat,House,CA,2023-10-1,2024-11-20
Ro Khanna,TTWO,Democrat,House,CA,2023-2-9,2024-8-4
Ro Khanna,TXN,Democrat,House,CA,2023-10-19,2024-4-22
Ro Khanna,TYL,Democrat,House,CA,2023-3-13,2023-4-9
Ro Khanna,UAL,Democrat,House,CA,2023-11-2,2024-5-27
Ro Khanna,UBER,Democrat,House,CA,2023-7-16,2024-8-4
Ro Khanna,UBS,Democrat,House,CA,2023-2-9,2023-9-5
Ro Khanna,UHS,Democrat,House,CA,2023-1-10,2023-3-23
Ro Khanna,UL,Democrat,House,CA,2023-10-12,2024-2-8
Ro Khanna,ULTA,Democrat,House,CA,2023-10-1,2024-8-1
Ro Khanna,UNH,Democrat,House,CA,2023-1-19,2024-7-1
Ro Khanna,UNP,Democrat,House,CA,2023-10-1,2024-11-11
Ro Khanna,UPS,Democrat,House,CA,2023-11-2,2024-8-4
Ro Khanna,URI,Democrat,House,CA,2023-10-1,2024-6-30
Ro Khanna,USB,Democrat,House,CA,2023-1-10,2024-8-1
Ro Khanna,V,Democrat,House,CA,2023-10-1,2024-7-1
Ro Khanna,VEEV,Democrat,House,CA,2023-1-10,2023-5-22
Ro Khanna,VFC,Democrat,House,CA,2023-4-24,2024-4-25
Ro Khanna,VICI,Democrat,House,CA,2023-10-9,2024-7-1
Ro Khanna,VLTO,Democrat,House,CA,2023-10-16,2023-11-2
Ro Khanna,VMC,Democrat,House,CA,2023-11-2,2024-6-30
Ro Khanna,VNO,Democrat,House,CA,2023-2-9,2024-4-25
Ro Khanna,VOD,Democrat,House,CA,2023-2-9,2024-2-8
Ro Khanna,VRSK,Democrat,House,CA,2023-5-22,2024-5-28
Ro Khanna,VRSN,Democrat,House,CA,2023-11-2,2024-9-8
Ro Khanna,VRTX,Democrat,House,CA,2023-1-10,2024-8-1
Ro Khanna,VTR,Democrat,House,CA,2023-3-13,2024-4-25
Ro Khanna,VTRS,Democrat,House,CA,2023-2-9,2024-7-1
Ro Khanna,WAB,Democrat,House,CA,2024-4-25,2024-7-1
Ro Khanna,WAT,Democrat,House,CA,2023-10-1,2024-9-8
Ro Khanna,WBA,Democrat,House,CA,2023-10-9,2024-9-8
Ro Khanna,WBD,Democrat,House,CA,2023-11-2,2024-9-8
Ro Khanna,WBS,Democrat,House,CA,2023-3-13,2023-4-9
Ro Khanna,WDC,Democrat,House,CA,2023-1-8,2024-7-1
Ro Khanna,WELL,Democrat,House,CA,2023-1-10,2024-2-12
Ro Khanna,WFC,Democrat,House,CA,2023-10-19,2024-4-25
Ro Khanna,WHR,Democrat,House,CA,2023-11-2,2024-3-24
Ro Khanna,WM,Democrat,House,CA,2023-1-10,2024-4-25
Ro Khanna,WMT,Democrat,House,CA,2023-10-30,2024-4-22
Ro Khanna,WRB,Democrat,House,CA,2023-5-22,2024-5-28
Ro Khanna,WST,Democrat,House,CA,2023-1-8,2024-9-8
Ro Khanna,WTW,Democrat,House,CA,2023-9-5,2024-10-10
Ro Khanna,WY,Democrat,House,CA,2023-10-30,2024-5-28
Ro Khanna,XEL,Democrat,House,CA,2023-6-20,2024-8-19
Ro Khanna,XRAY,Democrat,House,CA,2023-10-1,2023-11-2
Ro Khanna,XYL,Democrat,House,CA,2023-10-1,2024-11-11
Ro Khanna,YUM,Democrat,House,CA,2023-10-9,2024-11-11
Ro Khanna,ZBH,Democrat,House,CA,2023-10-1,2024-8-4
Ro Khanna,ZBRA,Democrat,House,CA,2023-11-2,2024-11-14
Ro Khanna,ZION,Democrat,House,CA,2023-1-8,2024-5-28
Ro Khanna,ZTS,Democrat,House,CA,2023-1-8,2024-3-24
Rob Wittman,JPM,Republican,House,VA,2023-5-29,2023-9-27
Roger Williams,PFE,Republican,House,TX,2024-2-29,2024-3-3
Scott Franklin,COST,Republican,House,FL,2023-4-18,2024-8-5
Scott Franklin,SBUX,Republican,House,FL,2024-8-1,2024-8-13
Sheldon Whitehouse,CELH,Democrat,Senate,RI,2023-11-7,2024-10-7
Sheldon Whitehouse,KVUE,Democrat,Senate,RI,2023-9-19,2024-11-17
Sheldon Whitehouse,NVS,Democrat,Senate,RI,2023-9-19,2024-4-8
Sheldon Whitehouse,SNOW,Democrat,Senate,RI,2023-12-13,2024-8-14
Sheldon Whitehouse,TSLA,Democrat,Senate,RI,2023-9-19,2024-10-27
Shelley Moore Capito,AAPL,Republican,Senate,WV,2023-6-13,2024-9-19
Shelley Moore Capito,ACN,Republican,Senate,WV,2023-9-21,2024-9-19
Shelley Moore Capito,NKE,Republican,Senate,WV,2023-6-13,2024-9-19
Shelley Moore Capito,SPGI,Republican,Senate,WV,2023-11-30,2024-4-8
Shelley Moore Capito,UNH,Republican,Senate,WV,2023-9-21,2024-12-19
Thomas Kean Jr,NKE,Republican,House,NJ,2024-2-21,2024-9-10
Tom Carper,AGX,Democrat,Senate,DE,2023-2-20,2023-12-10
Tom Carper,ATKR,Democrat,Senate,DE,2023-1-10,2024-5-8
Tom Carper,BAH,Democrat,Senate,DE,2023-5-21,2023-8-14
Tom Carper,EQNR,Democrat,Senate,DE,2023-1-10,2024-2-15
Tom Carper,FNF,Democrat,Senate,DE,2023-7-9,2023-12-10
Tom Carper,INOD,Democrat,Senate,DE,2023-8-28,2024-3-20
Tom Carper,MOS,Democrat,Senate,DE,2023-2-20,2024-3-27
Tom Carper,NTLA,Democrat,Senate,DE,2023-5-21,2023-8-24
Tom Carper,SBUX,Democrat,Senate,DE,2023-12-10,2024-5-8
Tom Carper,SOFI,Democrat,Senate,DE,2023-8-9,2024-3-20
Tom Carper,UBS,Democrat,Senate,DE,2023-1-12,2024-7-17
Tom Carper,VLO,Democrat,Senate,DE,2023-12-10,2024-4-10
Tommy Tuberville,AAPL,Republican,Senate,AL,2024-1-9,2024-8-25
Tommy Tuberville,ABBV,Republican,Senate,AL,2023-10-16,2024-1-18
Tommy Tuberville,ADSK,Republican,Senate,AL,2023-4-2,2024-1-18
Tommy Tuberville,AMAT,Republican,Senate,AL,2023-10-16,2024-3-7
Tommy Tuberville,AON,Republican,Senate,AL,2023-10-16,2024-1-21
Tommy Tuberville,APH,Republican,Senate,AL,2023-4-2,2024-1-18
Tommy Tuberville,AVGO,Republican,Senate,AL,2023-4-2,2024-4-2
Tommy Tuberville,BMY,Republican,Senate,AL,2023-10-16,2024-4-2
Tommy Tuberville,BRO,Republican,Senate,AL,2024-4-4,2024-5-2
Tommy Tuberville,CBSH,Republican,Senate,AL,2023-4-2,2024-5-2
Tommy Tuberville,CFG,Republican,Senate,AL,2023-5-7,2024-1-18
Tommy Tuberville,CLF,Republican,Senate,AL,2023-1-17,2024-5-9
Tommy Tuberville,CRUS,Republican,Senate,AL,2023-4-2,2023-10-15
Tommy Tuberville,CVX,Republican,Senate,AL,2023-12-12,2024-4-29
Tommy Tuberville,DECK,Republican,Senate,AL,2024-4-4,2024-5-2
Tommy Tuberville,DIOD,Republican,Senate,AL,2023-4-2,2023-10-15
Tommy Tuberville,F,Republican,Senate,AL,2023-4-25,2023-8-13
Tommy Tuberville,FGBI,Republican,Senate,AL,2023-5-7,2023-11-20
Tommy Tuberville,FITB,Republican,Senate,AL,2023-5-7,2024-5-6
Tommy Tuberville,FTNT,Republican,Senate,AL,2023-10-16,2024-4-2
Tommy Tuberville,GGG,Republican,Senate,AL,2023-10-16,2024-5-2
Tommy Tuberville,GILD,Republican,Senate,AL,2024-4-4,2024-5-7
Tommy Tuberville,GNTX,Republican,Senate,AL,2023-4-2,2024-1-18
Tommy Tuberville,GOGL,Republican,Senate,AL,2024-2-26,2024-4-29
Tommy Tuberville,GOLD,Republican,Senate,AL,2023-1-22,2024-5-6
Tommy Tuberville,GRMN,Republican,Senate,AL,2023-4-2,2024-5-2
Tommy Tuberville,GSK,Republican,Senate,AL,2023-4-2,2023-10-15
Tommy Tuberville,HUMA,Republican,Senate,AL,2023-7-24,2024-5-2
Tommy Tuberville,IDXX,Republican,Senate,AL,2023-4-2,2024-1-21
Tommy Tuberville,INTC,Republican,Senate,AL,2023-8-17,2024-5-9
Tommy Tuberville,ITW,Republican,Senate,AL,2023-10-16,2024-5-2
Tommy Tuberville,JKHY,Republican,Senate,AL,2024-4-4,2024-5-2
Tommy Tuberville,KEY,Republican,Senate,AL,2023-11-20,2024-4-29
Tommy Tuberville,KMB,Republican,Senate,AL,2023-3-9,2024-10-28
Tommy Tuberville,KO,Republican,Senate,AL,2023-10-16,2023-10-16
Tommy Tuberville,LSCC,Republican,Senate,AL,2024-4-28,2024-5-6
Tommy Tuberville,LULU,Republican,Senate,AL,2024-4-4,2024-5-2
Tommy Tuberville,MCHP,Republican,Senate,AL,2023-10-16,2024-4-2
Tommy Tuberville,MCO,Republican,Senate,AL,2023-10-16,2024-5-2
Tommy Tuberville,META,Republican,Senate,AL,2023-10-16,2024-1-21
Tommy Tuberville,MMC,Republican,Senate,AL,2023-10-16,2024-1-21
Tommy Tuberville,MMM,Republican,Senate,AL,2023-10-16,2024-4-28
Tommy Tuberville,MNST,Republican,Senate,AL,2023-10-16,2024-1-21
Tommy Tuberville,MPWR,Republican,Senate,AL,2023-10-16,2024-5-2
Tommy Tuberville,MSI,Republican,Senate,AL,2024-4-4,2024-5-2
Tommy Tuberville,NDSN,Republican,Senate,AL,2023-4-2,2024-5-2
Tommy Tuberville,NFLX,Republican,Senate,AL,2024-4-4,2024-5-2
Tommy Tuberville,NSC,Republican,Senate,AL,2023-4-2,2023-10-15
Tommy Tuberville,NTES,Republican,Senate,AL,2024-4-4,2024-4-17
Tommy Tuberville,NU,Republican,Senate,AL,2023-5-7,2023-10-10
Tommy Tuberville,NVDA,Republican,Senate,AL,2023-4-2,2024-4-29
Tommy Tuberville,NXPI,Republican,Senate,AL,2023-10-16,2024-5-2
Tommy Tuberville,ODFL,Republican,Senate,AL,2024-4-4,2024-5-2
Tommy Tuberville,OXY,Republican,Senate,AL,2023-5-21,2024-4-29
Tommy Tuberville,PAC,Republican,Senate,AL,2024-4-4,2024-4-28
Tommy Tuberville,PAM,Republican,Senate,AL,2023-4-2,2024-1-18
Tommy Tuberville,PARA,Republican,Senate,AL,2023-12-25,2024-5-9
Tommy Tuberville,PFE,Republican,Senate,AL,2023-6-11,2024-5-2
Tommy Tuberville,PG,Republican,Senate,AL,2024-1-18,2024-5-2
Tommy Tuberville,PHM,Republican,Senate,AL,2023-10-16,2024-4-3
Tommy Tuberville,PYPL,Republican,Senate,AL,2023-5-10,2024-5-2
Tommy Tuberville,QCOM,Republican,Senate,AL,2023-5-31,2024-3-12
Tommy Tuberville,QLYS,Republican,Senate,AL,2024-4-4,2024-5-2
Tommy Tuberville,QSR,Republican,Senate,AL,2023-4-2,2024-4-3
Tommy Tuberville,REGN,Republican,Senate,AL,2023-4-2,2024-4-3
Tommy Tuberville,RF,Republican,Senate,AL,2023-5-7,2023-12-25
Tommy Tuberville,RMD,Republican,Senate,AL,2023-10-16,2024-5-2
Tommy Tuberville,ROK,Republican,Senate,AL,2023-10-16,2024-4-3
Tommy Tuberville,RRC,Republican,Senate,AL,2023-4-2,2023-10-15
Tommy Tuberville,SBLK,Republican,Senate,AL,2024-2-26,2024-4-29
Tommy Tuberville,SCCO,Republican,Senate,AL,2023-10-16,2024-1-21
Tommy Tuberville,SKY,Republican,Senate,AL,2023-4-2,2023-10-15
Tommy Tuberville,SNPS,Republican,Senate,AL,2024-4-4,2024-5-2
Tommy Tuberville,SSBK,Republican,Senate,AL,2024-2-26,2024-4-29
Tommy Tuberville,SSD,Republican,Senate,AL,2023-4-2,2024-4-3
Tommy Tuberville,SWKS,Republican,Senate,AL,2024-4-28,2024-5-7
Tommy Tuberville,TEL,Republican,Senate,AL,2024-4-4,2024-5-2
Tommy Tuberville,TXN,Republican,Senate,AL,2023-10-10,2024-3-11
Tommy Tuberville,UAA,Republican,Senate,AL,2023-1-12,2023-12-18
Tommy Tuberville,V,Republican,Senate,AL,2023-5-23,2024-5-2
Tommy Tuberville,WBA,Republican,Senate,AL,2023-5-7,2024-4-29
Tommy Tuberville,WMS,Republican,Senate,AL,2023-10-16,2024-5-6
Tommy Tuberville,WU,Republican,Senate,AL,2023-10-16,2024-4-3
Tommy Tuberville,X,Republican,Senate,AL,2023-1-4,2023-6-7
Tommy Tuberville,XP,Republican,Senate,AL,2023-4-2,2024-1-18
Victoria Spartz,SPG,Republican,House,IN,2023-1-9,2024-9-19
Virginia Foxx,ARLP,Republican,House,NC,2023-11-14,2024-12-5
Virginia Foxx,ASC,Republican,House,NC,2024-2-14,2024-12-5
Virginia Foxx,BCC,Republican,House,NC,2023-2-23,2023-3-6
Virginia Foxx,CRT,Republican,House,NC,2023-10-1,2024-1-16
Virginia Foxx,DUK,Republican,House,NC,2023-12-18,2024-2-27
Virginia Foxx,ET,Republican,House,NC,2024-1-15,2024-12-5
Virginia Foxx,FLNG,Republican,House,NC,2023-1-3,2024-12-5
Virginia Foxx,MO,Republican,House,NC,2023-1-16,2024-1-9
Virginia Foxx,PAA,Republican,House,NC,2023-3-23,2023-10-2
Virginia Foxx,T,Republican,House,NC,2023-1-31,2024-12-5
Virginia Foxx,TAK,Republican,House,NC,2023-2-15,2023-8-28
